{
  "context_id": "ctx_edge_001",
  "token_count": 127,
  "temporal_reuse_curve": {
    "1": 0.3978174603174603,
    "2": 0.30095,
    "3": 0.2760836693548387,
    "4": 0.2444359756097561,
    "5": 0.22599897540983607,
    "6": 0.22208161157024794,
    "7": 0.211484375,
    "8": 0.22148109243697478,
    "9": 0.2564353813559322,
    "10": 0.23028846153846153,
    "11": 0.21443965517241378,
    "12": 0.2053804347826087,
    "13": 0.20117872807017545,
    "14": 0.1946349557522124,
    "15": 0.18111049107142857,
    "16": 0.17550675675675675,
    "17": 0.1897443181818182,
    "18": 0.19627293577981653,
    "19": 0.1753472222222222,
    "20": 0.17537967289719625,
    "21": 0.16132075471698112,
    "22": 0.15880952380952382,
    "23": 0.16150841346153846,
    "24": 0.15276092233009708,
    "25": 0.13857230392156863,
    "26": 0.13032178217821783,
    "27": 0.12490625,
    "28": 0.129135101010101,
    "29": 0.12908163265306122,
    "30": 0.12490335051546392,
    "31": 0.12454427083333333,
    "32": 0.1299013157894737,
    "33": 0.1255651595744681,
    "34": 0.12221102150537634,
    "35": 0.12476222826086956,
    "36": 0.1244162087912088,
    "37": 0.12309027777777778,
    "38": 0.11400983146067416,
    "39": 0.11338778409090909,
    "40": 0.10994971264367816,
    "41": 0.11587936046511628,
    "42": 0.11393382352941177,
    "43": 0.11376488095238095,
    "44": 0.11426957831325302,
    "45": 0.09939024390243903,
    "46": 0.10146604938271606,
    "47": 0.1047265625,
    "48": 0.11530854430379747,
    "49": 0.13068910256410257,
    "50": 0.11960227272727272,
    "51": 0.1174342105263158,
    "52": 0.13420833333333335,
    "53": 0.14079391891891893,
    "54": 0.12594178082191781,
    "55": 0.11627604166666666,
    "56": 0.11452464788732394,
    "57": 0.1153125,
    "58": 0.12382246376811594,
    "59": 0.11663602941176471,
    "60": 0.12434701492537313,
    "61": 0.13446969696969696,
    "62": 0.13966346153846154,
    "63": 0.139697265625,
    "64": 0.15828373015873015
  },
  "previous_token_reuse_curve": {
    "1": 1.0,
    "2": 0.378125,
    "3": 0.428125,
    "4": 0.1875,
    "5": 0.415625,
    "6": 0.415625,
    "7": 0.475,
    "8": 0.4625,
    "9": 0.440625,
    "10": 0.4125,
    "11": 0.365625,
    "12": 0.146875,
    "13": 0.696875,
    "14": 0.09375,
    "15": 0.578125,
    "16": 0.309375,
    "17": 0.665625,
    "18": 0.528125,
    "19": 0.440625,
    "20": 0.46875,
    "21": 0.409375,
    "22": 0.28125,
    "23": 0.346875,
    "24": 0.184375,
    "25": 0.5,
    "26": 0.35,
    "27": 0.55625,
    "28": 0.571875,
    "29": 0.578125,
    "30": 0.3875,
    "31": 0.63125,
    "32": 0.603125,
    "33": 0.496875,
    "34": 0.4375,
    "35": 0.59375,
    "36": 0.50625,
    "37": 0.415625,
    "38": 0.28125,
    "39": 0.440625,
    "40": 0.415625,
    "41": 0.4,
    "42": 0.45625,
    "43": 0.353125,
    "44": 0.45625,
    "45": 0.659375,
    "46": 0.428125,
    "47": 0.246875,
    "48": 0.353125,
    "49": 0.478125,
    "50": 0.403125,
    "51": 0.328125,
    "52": 0.28125,
    "53": 0.609375,
    "54": 0.365625,
    "55": 0.29375,
    "56": 0.45,
    "57": 0.3625,
    "58": 0.425,
    "59": 0.178125,
    "60": 0.309375,
    "61": 0.2875,
    "62": 0.38125,
    "63": 0.259375,
    "64": 0.36875,
    "65": 0.253125,
    "66": 0.521875,
    "67": 0.390625,
    "68": 0.246875,
    "69": 0.175,
    "70": 0.196875,
    "71": 0.38125,
    "72": 0.21875,
    "73": 0.446875,
    "74": 0.346875,
    "75": 0.3875,
    "76": 0.409375,
    "77": 0.525,
    "78": 0.30625,
    "79": 0.184375,
    "80": 0.20625,
    "81": 0.2875,
    "82": 0.09375,
    "83": 0.25625,
    "84": 0.5,
    "85": 0.5,
    "86": 0.434375,
    "87": 0.4375,
    "88": 0.303125,
    "89": 0.309375,
    "90": 0.40625,
    "91": 0.103125,
    "92": 0.240625,
    "93": 0.48125,
    "94": 0.315625,
    "95": 0.45,
    "96": 0.609375,
    "97": 0.4625,
    "98": 0.5125,
    "99": 0.434375,
    "100": 0.1125,
    "101": 0.30625,
    "102": 0.490625,
    "103": 0.459375,
    "104": 0.303125,
    "105": 0.275,
    "106": 0.459375,
    "107": 0.553125,
    "108": 0.4375,
    "109": 0.46875,
    "110": 0.296875,
    "111": 0.115625,
    "112": 0.65,
    "113": 0.215625,
    "114": 0.415625,
    "115": 0.4,
    "116": 0.428125,
    "117": 0.36875,
    "118": 0.509375,
    "119": 0.503125,
    "120": 0.675,
    "121": 0.45625,
    "122": 0.54375,
    "123": 0.434375,
    "124": 0.153125,
    "125": 0.325,
    "126": 0.403125
  },
  "expert_entropy_by_layer": {
    "0": 7.404670118394799,
    "1": 7.324388794435089,
    "2": 7.184720988944338,
    "3": 6.917051892265597,
    "4": 6.775652912556014,
    "5": 6.31251126403192,
    "6": 6.452050063468297,
    "7": 6.175611334551678,
    "8": 5.787759705382853,
    "9": 6.081245411620969,
    "10": 6.495105763501644,
    "11": 6.741624980293846,
    "12": 6.2272325567060625,
    "13": 6.248030804622666,
    "14": 5.832838112008512,
    "15": 5.864322350640152,
    "16": 5.968094031815041,
    "17": 6.178618497087452,
    "18": 5.7932435804368785,
    "19": 6.0156631172271515,
    "20": 5.846663012645963,
    "21": 6.168015114366991,
    "22": 6.452440966227206,
    "23": 6.60447166238366,
    "24": 6.353922107051357,
    "25": 6.25445969166283,
    "26": 5.8489596193941225,
    "27": 5.928051964283582,
    "28": 6.255288466819805,
    "29": 6.362787291273247,
    "30": 6.079456819105022,
    "31": 6.16089173585768,
    "32": 6.3104624890673575,
    "33": 6.402915436741897,
    "34": 6.6927625329993665,
    "35": 6.237199685038678,
    "36": 6.275169393148647,
    "37": 6.360622022253453,
    "38": 6.533752843711242,
    "39": 6.704217599829057
  }
}