{
  "context_id": "ctx_coding_001",
  "token_count": 627,
  "temporal_reuse_curve": {
    "1": 0.34369508785942493,
    "2": 0.262645,
    "3": 0.22925180288461539,
    "4": 0.20611958266452649,
    "5": 0.19297628617363344,
    "6": 0.18883856682769726,
    "7": 0.17968245967741936,
    "8": 0.18119446688206786,
    "9": 0.17885821197411003,
    "10": 0.17574959481361427,
    "11": 0.17492390422077922,
    "12": 0.16734247967479673,
    "13": 0.1642762622149837,
    "14": 0.16128670473083198,
    "15": 0.15863459967320262,
    "16": 0.16263809328968903,
    "17": 0.16107069672131147,
    "18": 0.16891933497536946,
    "19": 0.1637952302631579,
    "20": 0.16187191103789128,
    "21": 0.16576423267326731,
    "22": 0.16736053719008265,
    "23": 0.1658164321192053,
    "24": 0.1650393864013267,
    "25": 0.15113683554817275,
    "26": 0.14724937603993343,
    "27": 0.146875,
    "28": 0.1491183222036728,
    "29": 0.15408653846153847,
    "30": 0.1561819514237856,
    "31": 0.15254823825503355,
    "32": 0.15314600840336134,
    "33": 0.15832281144781143,
    "34": 0.1655564924114671,
    "35": 0.15882601351351353,
    "36": 0.15397631133671744,
    "37": 0.15777012711864408,
    "38": 0.15328416808149406,
    "39": 0.15536777210884353,
    "40": 0.1547274275979557,
    "41": 0.15158383105802048,
    "42": 0.14723290598290598,
    "43": 0.14347709760273972,
    "44": 0.14750750428816467,
    "45": 0.14210158934707903,
    "46": 0.14139414802065403,
    "47": 0.14279094827586206,
    "48": 0.14561204663212435,
    "49": 0.14881596020761245,
    "50": 0.14755199306759098,
    "51": 0.14725477430555556,
    "52": 0.13972282608695652,
    "53": 0.13476154181184669,
    "54": 0.1324443717277487,
    "55": 0.13598666958041958,
    "56": 0.13137040280210158,
    "57": 0.1334923245614035,
    "58": 0.13471550966608084,
    "59": 0.1358549735915493,
    "60": 0.13915343915343914,
    "61": 0.13462345406360424,
    "62": 0.13481194690265486,
    "63": 0.1316655585106383,
    "64": 0.1338865452930728
  },
  "previous_token_reuse_curve": {
    "1": 1.0,
    "2": 0.38125,
    "3": 0.4375,
    "4": 0.1875,
    "5": 0.4125,
    "6": 0.4125,
    "7": 0.484375,
    "8": 0.4625,
    "9": 0.4375,
    "10": 0.409375,
    "11": 0.375,
    "12": 0.146875,
    "13": 0.69375,
    "14": 0.09375,
    "15": 0.565625,
    "16": 0.365625,
    "17": 0.55625,
    "18": 0.528125,
    "19": 0.58125,
    "20": 0.5,
    "21": 0.409375,
    "22": 0.440625,
    "23": 0.48125,
    "24": 0.36875,
    "25": 0.640625,
    "26": 0.575,
    "27": 0.534375,
    "28": 0.453125,
    "29": 0.3375,
    "30": 0.3875,
    "31": 0.4125,
    "32": 0.39375,
    "33": 0.2125,
    "34": 0.3375,
    "35": 0.565625,
    "36": 0.53125,
    "37": 0.521875,
    "38": 0.51875,
    "39": 0.46875,
    "40": 0.409375,
    "41": 0.334375,
    "42": 0.221875,
    "43": 0.484375,
    "44": 0.275,
    "45": 0.40625,
    "46": 0.059375,
    "47": 0.628125,
    "48": 0.04375,
    "49": 0.4875,
    "50": 0.41875,
    "51": 0.575,
    "52": 0.6125,
    "53": 0.603125,
    "54": 0.54375,
    "55": 0.61875,
    "56": 0.35625,
    "57": 0.421875,
    "58": 0.509375,
    "59": 0.371875,
    "60": 0.23125,
    "61": 0.3,
    "62": 0.36875,
    "63": 0.33125,
    "64": 0.63125,
    "65": 0.31875,
    "66": 0.2875,
    "67": 0.421875,
    "68": 0.175,
    "69": 0.3625,
    "70": 0.4625,
    "71": 0.353125,
    "72": 0.51875,
    "73": 0.440625,
    "74": 0.359375,
    "75": 0.290625,
    "76": 0.18125,
    "77": 0.45,
    "78": 0.53125,
    "79": 0.471875,
    "80": 0.45,
    "81": 0.465625,
    "82": 0.35625,
    "83": 0.4125,
    "84": 0.60625,
    "85": 0.34375,
    "86": 0.284375,
    "87": 0.321875,
    "88": 0.371875,
    "89": 0.384375,
    "90": 0.325,
    "91": 0.3,
    "92": 0.215625,
    "93": 0.446875,
    "94": 0.4375,
    "95": 0.453125,
    "96": 0.415625,
    "97": 0.38125,
    "98": 0.3625,
    "99": 0.16875,
    "100": 0.171875,
    "101": 0.275,
    "102": 0.35,
    "103": 0.55,
    "104": 0.346875,
    "105": 0.43125,
    "106": 0.409375,
    "107": 0.375,
    "108": 0.303125,
    "109": 0.315625,
    "110": 0.45625,
    "111": 0.090625,
    "112": 0.096875,
    "113": 0.21875,
    "114": 0.634375,
    "115": 0.390625,
    "116": 0.484375,
    "117": 0.425,
    "118": 0.421875,
    "119": 0.4,
    "120": 0.359375,
    "121": 0.134375,
    "122": 0.525,
    "123": 0.490625,
    "124": 0.425,
    "125": 0.409375,
    "126": 0.44375,
    "127": 0.625,
    "128": 0.428125,
    "129": 0.28125,
    "130": 0.328125,
    "131": 0.415625,
    "132": 0.365625,
    "133": 0.215625,
    "134": 0.246875,
    "135": 0.4125,
    "136": 0.5,
    "137": 0.45625,
    "138": 0.578125,
    "139": 0.484375,
    "140": 0.51875,
    "141": 0.421875,
    "142": 0.45,
    "143": 0.4125,
    "144": 0.24375,
    "145": 0.2375,
    "146": 0.45625,
    "147": 0.496875,
    "148": 0.44375,
    "149": 0.35625,
    "150": 0.278125,
    "151": 0.390625,
    "152": 0.3875,
    "153": 0.38125,
    "154": 0.35625,
    "155": 0.33125,
    "156": 0.4,
    "157": 0.36875,
    "158": 0.41875,
    "159": 0.284375,
    "160": 0.078125,
    "161": 0.371875,
    "162": 0.559375,
    "163": 0.403125,
    "164": 0.35,
    "165": 0.35,
    "166": 0.178125,
    "167": 0.225,
    "168": 0.465625,
    "169": 0.371875,
    "170": 0.353125,
    "171": 0.35625,
    "172": 0.378125,
    "173": 0.4125,
    "174": 0.471875,
    "175": 0.278125,
    "176": 0.334375,
    "177": 0.25,
    "178": 0.35,
    "179": 0.246875,
    "180": 0.215625,
    "181": 0.353125,
    "182": 0.396875,
    "183": 0.396875,
    "184": 0.28125,
    "185": 0.29375,
    "186": 0.01875,
    "187": 0.040625,
    "188": 0.228125,
    "189": 0.25,
    "190": 0.096875,
    "191": 0.3125,
    "192": 0.059375,
    "193": 0.09375,
    "194": 0.378125,
    "195": 0.396875,
    "196": 0.33125,
    "197": 0.39375,
    "198": 0.4875,
    "199": 0.415625,
    "200": 0.465625,
    "201": 0.509375,
    "202": 0.2625,
    "203": 0.45,
    "204": 0.5,
    "205": 0.6,
    "206": 0.48125,
    "207": 0.35,
    "208": 0.3625,
    "209": 0.5,
    "210": 0.3125,
    "211": 0.096875,
    "212": 0.35625,
    "213": 0.4,
    "214": 0.303125,
    "215": 0.371875,
    "216": 0.096875,
    "217": 0.1875,
    "218": 0.484375,
    "219": 0.39375,
    "220": 0.440625,
    "221": 0.175,
    "222": 0.334375,
    "223": 0.384375,
    "224": 0.475,
    "225": 0.484375,
    "226": 0.359375,
    "227": 0.221875,
    "228": 0.209375,
    "229": 0.3625,
    "230": 0.3125,
    "231": 0.284375,
    "232": 0.415625,
    "233": 0.44375,
    "234": 0.375,
    "235": 0.2625,
    "236": 0.540625,
    "237": 0.2625,
    "238": 0.440625,
    "239": 0.496875,
    "240": 0.56875,
    "241": 0.35,
    "242": 0.29375,
    "243": 0.41875,
    "244": 0.296875,
    "245": 0.221875,
    "246": 0.225,
    "247": 0.43125,
    "248": 0.31875,
    "249": 0.609375,
    "250": 0.34375,
    "251": 0.3375,
    "252": 0.428125,
    "253": 0.26875,
    "254": 0.265625,
    "255": 0.1375,
    "256": 0.246875,
    "257": 0.3375,
    "258": 0.29375,
    "259": 0.315625,
    "260": 0.25625,
    "261": 0.3125,
    "262": 0.44375,
    "263": 0.34375,
    "264": 0.33125,
    "265": 0.16875,
    "266": 0.3,
    "267": 0.10625,
    "268": 0.184375,
    "269": 0.1875,
    "270": 0.1625,
    "271": 0.3,
    "272": 0.315625,
    "273": 0.3375,
    "274": 0.265625,
    "275": 0.34375,
    "276": 0.365625,
    "277": 0.3,
    "278": 0.41875,
    "279": 0.178125,
    "280": 0.3125,
    "281": 0.33125,
    "282": 0.2125,
    "283": 0.33125,
    "284": 0.23125,
    "285": 0.221875,
    "286": 0.346875,
    "287": 0.190625,
    "288": 0.1,
    "289": 0.1,
    "290": 0.090625,
    "291": 0.19375,
    "292": 0.334375,
    "293": 0.3125,
    "294": 0.265625,
    "295": 0.296875,
    "296": 0.078125,
    "297": 0.08125,
    "298": 0.38125,
    "299": 0.425,
    "300": 0.4625,
    "301": 0.3375,
    "302": 0.35625,
    "303": 0.3875,
    "304": 0.453125,
    "305": 0.234375,