{
  "context_id": "ctx_creative_002",
  "token_count": 311,
  "temporal_reuse_curve": {
    "1": 0.38402217741935485,
    "2": 0.28966423948220066,
    "3": 0.25809659090909093,
    "4": 0.24104234527687296,
    "5": 0.23700980392156862,
    "6": 0.2323872950819672,
    "7": 0.22179276315789473,
    "8": 0.20570338283828382,
    "9": 0.19225993377483444,
    "10": 0.18652408637873755,
    "11": 0.1870625,
    "12": 0.18186663879598663,
    "13": 0.18063129194630873,
    "14": 0.17149621212121213,
    "15": 0.16457981418918918,
    "16": 0.17308262711864406,
    "17": 0.17092899659863944,
    "18": 0.16685153583617748,
    "19": 0.1660958904109589,
    "20": 0.15814003436426116,
    "21": 0.15963362068965517,
    "22": 0.16222967128027682,
    "23": 0.16000434027777777,
    "24": 0.16252177700348433,
    "25": 0.1554742132867133,
    "26": 0.15030701754385964,
    "27": 0.15418133802816902,
    "28": 0.15803886925795052,
    "29": 0.15457668439716313,
    "30": 0.15252446619217083,
    "31": 0.16205357142857144,
    "32": 0.16227598566308243,
    "33": 0.1598246402877698,
    "34": 0.14872518050541517,
    "35": 0.14230072463768115,
    "36": 0.14823863636363635,
    "37": 0.1467381386861314,
    "38": 0.14727564102564103,
    "39": 0.15190716911764707,
    "40": 0.14409594095940959,
    "41": 0.13420138888888888,
    "42": 0.13416589219330854,
    "43": 0.13011893656716417,
    "44": 0.14515449438202246,
    "45": 0.14390272556390976,
    "46": 0.13205188679245283,
    "47": 0.13127367424242425,
    "48": 0.14372623574144486,
    "49": 0.14438215648854963,
    "50": 0.14175047892720308,
    "51": 0.14151442307692308,
    "52": 0.13704150579150579,
    "53": 0.1407218992248062,
    "54": 0.1389591439688716,
    "55": 0.13577880859375,
    "56": 0.13089460784313725,
    "57": 0.12408956692913385,
    "58": 0.1267663043478261,
    "59": 0.12369791666666667,
    "60": 0.12181274900398406,
    "61": 0.1296625,
    "62": 0.12250251004016065,
    "63": 0.12358870967741936,
    "64": 0.12346912955465587
  },
  "previous_token_reuse_curve": {
    "1": 1.0,
    "2": 0.38125,
    "3": 0.4375,
    "4": 0.1875,
    "5": 0.4125,
    "6": 0.4125,
    "7": 0.484375,
    "8": 0.4625,
    "9": 0.4375,
    "10": 0.409375,
    "11": 0.375,
    "12": 0.146875,
    "13": 0.69375,
    "14": 0.09375,
    "15": 0.565625,
    "16": 0.365625,
    "17": 0.55625,
    "18": 0.203125,
    "19": 0.51875,
    "20": 0.38125,
    "21": 0.190625,
    "22": 0.5125,
    "23": 0.321875,
    "24": 0.471875,
    "25": 0.45,
    "26": 0.3875,
    "27": 0.265625,
    "28": 0.265625,
    "29": 0.41875,
    "30": 0.196875,
    "31": 0.203125,
    "32": 0.496875,
    "33": 0.48125,
    "34": 0.45,
    "35": 0.4125,
    "36": 0.153125,
    "37": 0.490625,
    "38": 0.390625,
    "39": 0.3875,
    "40": 0.36875,
    "41": 0.409375,
    "42": 0.3875,
    "43": 0.390625,
    "44": 0.60625,
    "45": 0.384375,
    "46": 0.20625,
    "47": 0.403125,
    "48": 0.034375,
    "49": 0.54375,
    "50": 0.040625,
    "51": 0.35625,
    "52": 0.253125,
    "53": 0.571875,
    "54": 0.58125,
    "55": 0.48125,
    "56": 0.140625,
    "57": 0.425,
    "58": 0.425,
    "59": 0.46875,
    "60": 0.396875,
    "61": 0.296875,
    "62": 0.46875,
    "63": 0.153125,
    "64": 0.525,
    "65": 0.484375,
    "66": 0.509375,
    "67": 0.384375,
    "68": 0.30625,
    "69": 0.465625,
    "70": 0.228125,
    "71": 0.446875,
    "72": 0.309375,
    "73": 0.35,
    "74": 0.159375,
    "75": 0.475,
    "76": 0.475,
    "77": 0.340625,
    "78": 0.459375,
    "79": 0.253125,
    "80": 0.203125,
    "81": 0.515625,
    "82": 0.221875,
    "83": 0.540625,
    "84": 0.184375,
    "85": 0.240625,
    "86": 0.440625,
    "87": 0.35625,
    "88": 0.490625,
    "89": 0.571875,
    "90": 0.5625,
    "91": 0.459375,
    "92": 0.396875,
    "93": 0.4125,
    "94": 0.359375,
    "95": 0.5,
    "96": 0.55625,
    "97": 0.51875,
    "98": 0.459375,
    "99": 0.578125,
    "100": 0.46875,
    "101": 0.60625,
    "102": 0.46875,
    "103": 0.49375,
    "104": 0.253125,
    "105": 0.25625,
    "106": 0.446875,
    "107": 0.415625,
    "108": 0.275,
    "109": 0.159375,
    "110": 0.221875,
    "111": 0.584375,
    "112": 0.540625,
    "113": 0.465625,
    "114": 0.390625,
    "115": 0.48125,
    "116": 0.55,
    "117": 0.534375,
    "118": 0.553125,
    "119": 0.525,
    "120": 0.4625,
    "121": 0.40625,
    "122": 0.3875,
    "123": 0.50625,
    "124": 0.578125,
    "125": 0.3625,
    "126": 0.253125,
    "127": 0.409375,
    "128": 0.44375,
    "129": 0.50625,
    "130": 0.43125,
    "131": 0.509375,
    "132": 0.578125,
    "133": 0.434375,
    "134": 0.50625,
    "135": 0.3625,
    "136": 0.70625,
    "137": 0.384375,
    "138": 0.446875,
    "139": 0.446875,
    "140": 0.503125,
    "141": 0.525,
    "142": 0.409375,
    "143": 0.490625,
    "144": 0.4375,
    "145": 0.525,
    "146": 0.384375,
    "147": 0.09375,
    "148": 0.25625,
    "149": 0.328125,
    "150": 0.340625,
    "151": 0.40625,
    "152": 0.428125,
    "153": 0.2875,
    "154": 0.365625,
    "155": 0.553125,
    "156": 0.3375,
    "157": 0.46875,
    "158": 0.321875,
    "159": 0.28125,
    "160": 0.403125,
    "161": 0.3375,
    "162": 0.446875,
    "163": 0.25625,
    "164": 0.18125,
    "165": 0.278125,
    "166": 0.55625,
    "167": 0.5,
    "168": 0.428125,
    "169": 0.378125,
    "170": 0.40625,
    "171": 0.34375,
    "172": 0.2625,
    "173": 0.278125,
    "174": 0.053125,
    "175": 0.490625,
    "176": 0.48125,
    "177": 0.328125,
    "178": 0.353125,
    "179": 0.340625,
    "180": 0.346875,
    "181": 0.525,
    "182": 0.25625,
    "183": 0.35,
    "184": 0.365625,
    "185": 0.559375,
    "186": 0.39375,
    "187": 0.34375,
    "188": 0.415625,
    "189": 0.35625,
    "190": 0.46875,
    "191": 0.4875,
    "192": 0.396875,
    "193": 0.31875,
    "194": 0.56875,
    "195": 0.434375,
    "196": 0.078125,
    "197": 0.3,
    "198": 0.36875,
    "199": 0.2375,
    "200": 0.28125,
    "201": 0.159375,
    "202": 0.5,
    "203": 0.284375,
    "204": 0.396875,
    "205": 0.265625,
    "206": 0.40625,
    "207": 0.49375,
    "208": 0.528125,
    "209": 0.4625,
    "210": 0.290625,
    "211": 0.35625,
    "212": 0.371875,
    "213": 0.428125,
    "214": 0.4,
    "215": 0.36875,
    "216": 0.353125,
    "217": 0.509375,
    "218": 0.51875,
    "219": 0.3625,
    "220": 0.271875,
    "221": 0.3,
    "222": 0.484375,
    "223": 0.5125,
    "224": 0.459375,
    "225": 0.284375,
    "226": 0.428125,
    "227": 0.153125,
    "228": 0.13125,
    "229": 0.35625,
    "230": 0.215625,
    "231": 0.046875,
    "232": 0.10625,
    "233": 0.2,
    "234": 0.48125,
    "235": 0.284375,
    "236": 0.509375,
    "237": 0.259375,
    "238": 0.403125,
    "239": 0.34375,
    "240": 0.45,
    "241": 0.384375,
    "242": 0.284375,
    "243": 0.4875,
    "244": 0.353125,
    "245": 0.41875,
    "246": 0.45,
    "247": 0.2375,
    "248": 0.259375,
    "249": 0.29375,
    "250": 0.24375,
    "251": 0.528125,
    "252": 0.490625,
    "253": 0.425,
    "254": 0.45625,
    "255": 0.553125,
    "256": 0.453125,
    "257": 0.490625,
    "258": 0.340625,
    "259": 0.0625,
    "260": 0.0625,
    "261": 0.103125,
    "262": 0.115625,
    "263": 0.215625,
    "264": 0.2,
    "265": 0.421875,
    "266": 0.325,
    "267": 0.459375,
    "268": 0.221875,
    "269": 0.475,
    "270": 0.403125,
    "271": 0.521875,
    "272": 0.465625,
    "273": 0.50625,
    "274": 0.346875,
    "275": 0.48125,
    "276": 0.440625,
    "277": 0.325,
    "278": 0.271875,
    "279": 0.24375,
    "280": 0.21875,
    "281": 0.2375,
    "282": 0.38125,
    "283": 0.45625,
    "284": 0.490625,
    "285": 0.421875,
    "286": 0.271875,
    "287": 0.134375,
    "288": 0.371875,
    "289": 0.5375,
    "290": 0.478125,
    "291": 0.434375,
    "292": 0.34375,
    "293": 0.35,
    "294": 0.378125,
    "295": 0.478125,
    "296": 0.5625,
    "297": 0.31875,
    "298": 0.221875,
    "299": 0.31875,
    "300": 0.425,