{
  "context_id": "ctx_edge_002",
  "token_count": 35,
  "temporal_reuse_curve": {
    "1": 0.4474264705882353,
    "2": 0.35198863636363636,
    "3": 0.3083984375,
    "4": 0.2719758064516129,
    "5": 0.2559375,
    "6": 0.265948275862069,
    "7": 0.24732142857142858,
    "8": 0.2152777777777778,
    "9": 0.23245192307692308,
    "10": 0.250375,
    "11": 0.23723958333333334,
    "12": 0.21331521739130435,
    "13": 0.19758522727272726,
    "14": 0.1636904761904762,
    "15": 0.1428125,
    "16": 0.14490131578947368,
    "17": 0.14652777777777778,
    "18": 0.1275735294117647,
    "19": 0.123828125,
    "20": 0.115,
    "21": 0.10602678571428571,
    "22": 0.09975961538461539,
    "23": 0.12604166666666666,
    "24": 0.11136363636363636,
    "25": 0.0853125,
    "26": 0.06805555555555555,
    "27": 0.06640625,
    "28": 0.05625,
    "29": 0.059375,
    "30": 0.04875,
    "31": 0.03125,
    "32": 0.027083333333333334,
    "33": 0.034375,
    "34": 0.0375
  },
  "previous_token_reuse_curve": {
    "1": 1.0,
    "2": 0.38125,
    "3": 0.428125,
    "4": 0.190625,
    "5": 0.425,
    "6": 0.41875,
    "7": 0.478125,
    "8": 0.471875,
    "9": 0.440625,
    "10": 0.41875,
    "11": 0.371875,
    "12": 0.153125,
    "13": 0.70625,
    "14": 0.1,
    "15": 0.578125,
    "16": 0.403125,
    "17": 0.36875,
    "18": 0.359375,
    "19": 0.415625,
    "20": 0.20625,
    "21": 0.534375,
    "22": 0.396875,
    "23": 0.58125,
    "24": 0.575,
    "25": 0.61875,
    "26": 0.440625,
    "27": 0.509375,
    "28": 0.41875,
    "29": 0.55,
    "30": 0.525,
    "31": 0.44375,
    "32": 0.5125,
    "33": 0.434375,
    "34": 0.35625
  },
  "expert_entropy_by_layer": {
    "0": 6.59342715863832,
    "1": 6.208433631304763,
    "2": 6.10474499388691,
    "3": 6.331144283246813,
    "4": 6.008840625137628,
    "5": 5.324626307854245,
    "6": 5.290511372564723,
    "7": 5.180301996163164,
    "8": 5.0360334556853985,
    "9": 5.360055903139736,
    "10": 5.767769931129482,
    "11": 5.949478915480237,
    "12": 5.672521756356186,
    "13": 5.3165904815832885,
    "14": 5.289787420094728,
    "15": 5.440883667624035,
    "16": 5.3986822385557796,
    "17": 5.465147554440152,
    "18": 5.337524066034626,
    "19": 5.353858542300704,
    "20": 5.159639467836693,
    "21": 5.365753401159724,
    "22": 5.628020350854693,
    "23": 5.704418526046012,
    "24": 5.411812923824051,
    "25": 5.210383404503717,
    "26": 5.132999131809337,
    "27": 5.4570487887453725,
    "28": 5.439958136453601,
    "29": 5.4231494532276985,
    "30": 5.394244339629871,
    "31": 5.319962921994927,
    "32": 5.668317326943055,
    "33": 5.668673840395414,
    "34": 5.64342842648338,
    "35": 5.480862646252069,
    "36": 5.526700744579828,
    "37": 5.622264257723402,
    "38": 5.69764503458944,
    "39": 6.247551046242686
  }
}