{
  "context_id": "ctx_creative_001",
  "token_count": 442,
  "temporal_reuse_curve": {
    "1": 0.4459325396825397,
    "2": 0.35374289772727274,
    "3": 0.3248433940774487,
    "4": 0.31595319634703195,
    "5": 0.3140946796338673,
    "6": 0.30197104357798166,
    "7": 0.29008620689655173,
    "8": 0.2911938364055299,
    "9": 0.2899321593533487,
    "10": 0.2771339699074074,
    "11": 0.2766096287703016,
    "12": 0.2769549418604651,
    "13": 0.2752986596736597,
    "14": 0.2702905957943925,
    "15": 0.2654054449648712,
    "16": 0.26943221830985914,
    "17": 0.26240441176470586,
    "18": 0.26121020047169813,
    "19": 0.25225325059101655,
    "20": 0.25754591232227486,
    "21": 0.2596347980997625,
    "22": 0.2575892857142857,
    "23": 0.2575104415274463,
    "24": 0.2531848086124402,
    "25": 0.25221822541966427,
    "26": 0.24758864182692308,
    "27": 0.24533885542168674,
    "28": 0.2512228260869565,
    "29": 0.25035562953995155,
    "30": 0.24903671116504855,
    "31": 0.2512317518248175,
    "32": 0.25184451219512194,
    "33": 0.24906784841075794,
    "34": 0.2530560661764706,
    "35": 0.2611563267813268,
    "36": 0.25508004926108374,
    "37": 0.24977623456790124,
    "38": 0.2595683787128713,
    "39": 0.2643687965260546,
    "40": 0.2599813432835821,
    "41": 0.25550187032418953,
    "42": 0.24875,
    "43": 0.24848057644110275,
    "44": 0.2462468592964824,
    "45": 0.25180258186397986,
    "46": 0.2454861111111111,
    "47": 0.23822784810126582,
    "48": 0.24069638324873097,
    "49": 0.2373489185750636,
    "50": 0.2311782525510204,
    "51": 0.23624520460358056,
    "52": 0.2312900641025641,
    "53": 0.23075192802056554,
    "54": 0.23394007731958763,
    "55": 0.2325096899224806,
    "56": 0.23839054404145077,
    "57": 0.2336525974025974,
    "58": 0.2260986328125,
    "59": 0.2373041775456919,
    "60": 0.23787630890052355,
    "61": 0.23622047244094488,
    "62": 0.22898848684210527,
    "63": 0.23073054089709763,
    "64": 0.22467757936507937
  },
  "previous_token_reuse_curve": {
    "1": 1.0,
    "2": 0.38125,
    "3": 0.4375,
    "4": 0.1875,
    "5": 0.4125,
    "6": 0.4125,
    "7": 0.484375,
    "8": 0.4625,
    "9": 0.4375,
    "10": 0.409375,
    "11": 0.375,
    "12": 0.146875,
    "13": 0.69375,
    "14": 0.09375,
    "15": 0.565625,
    "16": 0.365625,
    "17": 0.55625,
    "18": 0.51875,
    "19": 0.46875,
    "20": 0.43125,
    "21": 0.459375,
    "22": 0.5,
    "23": 0.35,
    "24": 0.415625,
    "25": 0.659375,
    "26": 0.484375,
    "27": 0.46875,
    "28": 0.396875,
    "29": 0.434375,
    "30": 0.3,
    "31": 0.46875,
    "32": 0.39375,
    "33": 0.5125,
    "34": 0.45,
    "35": 0.346875,
    "36": 0.39375,
    "37": 0.5875,
    "38": 0.3375,
    "39": 0.3125,
    "40": 0.203125,
    "41": 0.39375,
    "42": 0.221875,
    "43": 0.325,
    "44": 0.48125,
    "45": 0.29375,
    "46": 0.4125,
    "47": 0.065625,
    "48": 0.4125,
    "49": 0.059375,
    "50": 0.35,
    "51": 0.19375,
    "52": 0.56875,
    "53": 0.5625,
    "54": 0.509375,
    "55": 0.3,
    "56": 0.41875,
    "57": 0.365625,
    "58": 0.45625,
    "59": 0.459375,
    "60": 0.428125,
    "61": 0.40625,
    "62": 0.38125,
    "63": 0.440625,
    "64": 0.44375,
    "65": 0.459375,
    "66": 0.5,
    "67": 0.240625,
    "68": 0.309375,
    "69": 0.340625,
    "70": 0.3,
    "71": 0.68125,
    "72": 0.70625,
    "73": 0.328125,
    "74": 0.39375,
    "75": 0.375,
    "76": 0.3375,
    "77": 0.371875,
    "78": 0.396875,
    "79": 0.290625,
    "80": 0.203125,
    "81": 0.375,
    "82": 0.54375,
    "83": 0.303125,
    "84": 0.25625,
    "85": 0.209375,
    "86": 0.4625,
    "87": 0.303125,
    "88": 0.3,
    "89": 0.390625,
    "90": 0.4875,
    "91": 0.4125,
    "92": 0.41875,
    "93": 0.31875,
    "94": 0.48125,
    "95": 0.428125,
    "96": 0.44375,
    "97": 0.40625,
    "98": 0.340625,
    "99": 0.325,
    "100": 0.575,
    "101": 0.325,
    "102": 0.2,
    "103": 0.378125,
    "104": 0.525,
    "105": 0.525,
    "106": 0.459375,
    "107": 0.609375,
    "108": 0.521875,
    "109": 0.596875,
    "110": 0.528125,
    "111": 0.43125,
    "112": 0.53125,
    "113": 0.571875,
    "114": 0.49375,
    "115": 0.434375,
    "116": 0.15625,
    "117": 0.18125,
    "118": 0.571875,
    "119": 0.43125,
    "120": 0.50625,
    "121": 0.528125,
    "122": 0.421875,
    "123": 0.4625,
    "124": 0.3375,
    "125": 0.625,
    "126": 0.4875,
    "127": 0.58125,
    "128": 0.46875,
    "129": 0.415625,
    "130": 0.4875,
    "131": 0.559375,
    "132": 0.3875,
    "133": 0.496875,
    "134": 0.58125,
    "135": 0.35,
    "136": 0.134375,
    "137": 0.559375,
    "138": 0.203125,
    "139": 0.44375,
    "140": 0.378125,
    "141": 0.51875,
    "142": 0.509375,
    "143": 0.615625,
    "144": 0.340625,
    "145": 0.271875,
    "146": 0.371875,
    "147": 0.484375,
    "148": 0.515625,
    "149": 0.45,
    "150": 0.459375,
    "151": 0.5375,
    "152": 0.503125,
    "153": 0.396875,
    "154": 0.39375,
    "155": 0.284375,
    "156": 0.5875,
    "157": 0.478125,
    "158": 0.4375,
    "159": 0.609375,
    "160": 0.484375,
    "161": 0.325,
    "162": 0.3375,
    "163": 0.39375,
    "164": 0.425,
    "165": 0.359375,
    "166": 0.478125,
    "167": 0.390625,
    "168": 0.640625,
    "169": 0.465625,
    "170": 0.5,
    "171": 0.51875,
    "172": 0.5,
    "173": 0.4625,
    "174": 0.34375,
    "175": 0.378125,
    "176": 0.53125,
    "177": 0.45625,
    "178": 0.428125,
    "179": 0.5125,
    "180": 0.396875,
    "181": 0.375,
    "182": 0.621875,
    "183": 0.4,
    "184": 0.49375,
    "185": 0.403125,
    "186": 0.478125,
    "187": 0.33125,
    "188": 0.53125,
    "189": 0.38125,
    "190": 0.55,
    "191": 0.396875,
    "192": 0.321875,
    "193": 0.49375,
    "194": 0.4625,
    "195": 0.29375,
    "196": 0.303125,
    "197": 0.390625,
    "198": 0.603125,
    "199": 0.51875,
    "200": 0.559375,
    "201": 0.534375,
    "202": 0.571875,
    "203": 0.259375,
    "204": 0.575,
    "205": 0.2625,
    "206": 0.6,
    "207": 0.359375,
    "208": 0.55,
    "209": 0.43125,
    "210": 0.390625,
    "211": 0.590625,
    "212": 0.3875,
    "213": 0.58125,
    "214": 0.359375,
    "215": 0.471875,
    "216": 0.65,
    "217": 0.7375,
    "218": 0.6375,
    "219": 0.521875,
    "220": 0.478125,
    "221": 0.446875,
    "222": 0.625,
    "223": 0.521875,
    "224": 0.328125,
    "225": 0.20625,
    "226": 0.540625,
    "227": 0.46875,
    "228": 0.465625,
    "229": 0.35625,
    "230": 0.359375,
    "231": 0.31875,
    "232": 0.50625,
    "233": 0.6125,
    "234": 0.23125,
    "235": 0.440625,
    "236": 0.40625,
    "237": 0.5,
    "238": 0.51875,
    "239": 0.39375,
    "240": 0.465625,
    "241": 0.39375,
    "242": 0.434375,
    "243": 0.3,
    "244": 0.365625,
    "245": 0.55625,
    "246": 0.65625,
    "247": 0.45625,
    "248": 0.3625,
    "249": 0.334375,
    "250": 0.528125,
    "251": 0.55,
    "252": 0.365625,
    "253": 0.41875,
    "254": 0.4,
    "255": 0.684375,
    "256": 0.503125,
    "257": 0.496875,
    "258": 0.4875,
    "259": 0.646875,
    "260": 0.415625,
    "261": 0.54375,
    "262": 0.478125,
    "263": 0.575,
    "264": 0.184375,
    "265": 0.553125,
    "266": 0.209375,
    "267": 0.440625,
    "268": 0.48125,
    "269": 0.559375,
    "270": 0.4875,
    "271": 0.528125,
    "272": 0.44375,
    "273": 0.53125,
    "274": 0.534375,
    "275": 0.5625,
    "276": 0.496875,
    "277": 0.40625,
    "278": 0.4125,
    "279": 0.6,
    "280": 0.490625,
    "281": 0.525,
    "282": 0.46875,
    "283": 0.4125,
    "284": 0.50625,
    "285": 0.509375,
    "286": 0.528125,
    "287": 0.45,
    "288": 0.3875,
    "289": 0.51875,
    "290": 0.38125,
    "291": 0.38125,
    "292": 0.415625,
    "293": 0.475,
    "294": 0.4875,
    "295": 0.46875,
    "296": 0.453125,
    "297": 0.49375,
    "298": 0.49375,
    "299": 0.478125,
    "300": 0.434375,
    "301": 0.678125,
    "302": 0.490625,
    "303": 0.496875,
    "304": 0.434375,