{
  "context_id": "ctx_mixed_002",
  "token_count": 670,
  "temporal_reuse_curve": {
    "1": 0.3610052316890882,
    "2": 0.2837013473053892,
    "3": 0.25102136431784106,
    "4": 0.2304054054054054,
    "5": 0.2231156015037594,
    "6": 0.21903237951807228,
    "7": 0.2140224358974359,
    "8": 0.21090917673716011,
    "9": 0.20294534795763994,
    "10": 0.20318655303030303,
    "11": 0.20329097116843703,
    "12": 0.1984137537993921,
    "13": 0.1851693302891933,
    "14": 0.18475133384146342,
    "15": 0.18150286259541984,
    "16": 0.17622801987767583,
    "17": 0.1763303981623277,
    "18": 0.17808665644171778,
    "19": 0.18196524577572964,
    "20": 0.18190865384615384,
    "21": 0.18831375192604005,
    "22": 0.18228684413580246,
    "23": 0.17869976816074187,
    "24": 0.17156056501547987,
    "25": 0.17508720930232557,
    "26": 0.17253493788819876,
    "27": 0.1709564541213064,
    "28": 0.17592971183800624,
    "29": 0.1703685647425897,
    "30": 0.1685546875,
    "31": 0.1686619718309859,
    "32": 0.16966594827586207,
    "33": 0.17855671114599686,
    "34": 0.18122051886792453,
    "35": 0.17679625984251968,
    "36": 0.17110607255520505,
    "37": 0.1680440363349131,
    "38": 0.1678451344936709,
    "39": 0.1671503565768621,
    "40": 0.1681795634920635,
    "41": 0.17011128775834658,
    "42": 0.16919785031847134,
    "43": 0.16658692185007976,
    "44": 0.165435303514377,
    "45": 0.16298,
    "46": 0.1643780048076923,
    "47": 0.168133025682183,
    "48": 0.16248492765273312,
    "49": 0.15871074879227054,
    "50": 0.15764616935483872,
    "51": 0.16100060581583198,
    "52": 0.1638349514563107,
    "53": 0.16248480551053485,
    "54": 0.16114549512987014,
    "55": 0.15577743902439026,
    "56": 0.15543057817589576,
    "57": 0.15669861337683524,
    "58": 0.15298202614379086,
    "59": 0.15741100654664483,
    "60": 0.15861168032786885,
    "61": 0.15741995073891626,
    "62": 0.15747841282894737,
    "63": 0.1656507413509061,
    "64": 0.1632477310231023
  },
  "previous_token_reuse_curve": {
    "1": 1.0,
    "2": 0.38125,
    "3": 0.43125,
    "4": 0.184375,
    "5": 0.425,
    "6": 0.421875,
    "7": 0.490625,
    "8": 0.46875,
    "9": 0.446875,
    "10": 0.428125,
    "11": 0.378125,
    "12": 0.140625,
    "13": 0.690625,
    "14": 0.1,
    "15": 0.565625,
    "16": 0.459375,
    "17": 0.525,
    "18": 0.5625,
    "19": 0.4125,
    "20": 0.475,
    "21": 0.403125,
    "22": 0.50625,
    "23": 0.40625,
    "24": 0.2625,
    "25": 0.36875,
    "26": 0.234375,
    "27": 0.409375,
    "28": 0.334375,
    "29": 0.390625,
    "30": 0.453125,
    "31": 0.409375,
    "32": 0.3125,
    "33": 0.359375,
    "34": 0.321875,
    "35": 0.534375,
    "36": 0.428125,
    "37": 0.375,
    "38": 0.40625,
    "39": 0.4125,
    "40": 0.115625,
    "41": 0.453125,
    "42": 0.334375,
    "43": 0.403125,
    "44": 0.4625,
    "45": 0.534375,
    "46": 0.43125,
    "47": 0.340625,
    "48": 0.384375,
    "49": 0.45625,
    "50": 0.35625,
    "51": 0.446875,
    "52": 0.41875,
    "53": 0.43125,
    "54": 0.2625,
    "55": 0.3125,
    "56": 0.2625,
    "57": 0.36875,
    "58": 0.40625,
    "59": 0.490625,
    "60": 0.375,
    "61": 0.4375,
    "62": 0.240625,
    "63": 0.278125,
    "64": 0.284375,
    "65": 0.29375,
    "66": 0.40625,
    "67": 0.484375,
    "68": 0.459375,
    "69": 0.45,
    "70": 0.4375,
    "71": 0.578125,
    "72": 0.465625,
    "73": 0.19375,
    "74": 0.25,
    "75": 0.353125,
    "76": 0.221875,
    "77": 0.503125,
    "78": 0.5375,
    "79": 0.321875,
    "80": 0.5125,
    "81": 0.375,
    "82": 0.1625,
    "83": 0.271875,
    "84": 0.371875,
    "85": 0.45,
    "86": 0.446875,
    "87": 0.43125,
    "88": 0.284375,
    "89": 0.378125,
    "90": 0.121875,
    "91": 0.33125,
    "92": 0.04375,
    "93": 0.509375,
    "94": 0.4625,
    "95": 0.559375,
    "96": 0.590625,
    "97": 0.584375,
    "98": 0.6,
    "99": 0.53125,
    "100": 0.546875,
    "101": 0.496875,
    "102": 0.396875,
    "103": 0.284375,
    "104": 0.303125,
    "105": 0.36875,
    "106": 0.496875,
    "107": 0.45,
    "108": 0.48125,
    "109": 0.45625,
    "110": 0.4875,
    "111": 0.415625,
    "112": 0.409375,
    "113": 0.421875,
    "114": 0.38125,
    "115": 0.35,
    "116": 0.453125,
    "117": 0.228125,
    "118": 0.475,
    "119": 0.340625,
    "120": 0.4625,
    "121": 0.490625,
    "122": 0.66875,
    "123": 0.478125,
    "124": 0.534375,
    "125": 0.425,
    "126": 0.5,
    "127": 0.421875,
    "128": 0.415625,
    "129": 0.521875,
    "130": 0.48125,
    "131": 0.334375,
    "132": 0.3375,
    "133": 0.209375,
    "134": 0.225,
    "135": 0.21875,
    "136": 0.428125,
    "137": 0.221875,
    "138": 0.184375,
    "139": 0.246875,
    "140": 0.265625,
    "141": 0.08125,
    "142": 0.15,
    "143": 0.296875,
    "144": 0.33125,
    "145": 0.409375,
    "146": 0.453125,
    "147": 0.43125,
    "148": 0.321875,
    "149": 0.478125,
    "150": 0.340625,
    "151": 0.365625,
    "152": 0.34375,
    "153": 0.403125,
    "154": 0.290625,
    "155": 0.515625,
    "156": 0.365625,
    "157": 0.278125,
    "158": 0.434375,
    "159": 0.5125,
    "160": 0.471875,
    "161": 0.4625,
    "162": 0.525,
    "163": 0.40625,
    "164": 0.525,
    "165": 0.3875,
    "166": 0.540625,
    "167": 0.33125,
    "168": 0.284375,
    "169": 0.2125,
    "170": 0.40625,
    "171": 0.365625,
    "172": 0.34375,
    "173": 0.5,
    "174": 0.403125,
    "175": 0.43125,
    "176": 0.509375,
    "177": 0.28125,
    "178": 0.346875,
    "179": 0.190625,
    "180": 0.34375,
    "181": 0.34375,
    "182": 0.365625,
    "183": 0.271875,
    "184": 0.403125,
    "185": 0.509375,
    "186": 0.371875,
    "187": 0.390625,
    "188": 0.328125,
    "189": 0.309375,
    "190": 0.3875,
    "191": 0.328125,
    "192": 0.3,
    "193": 0.365625,
    "194": 0.259375,
    "195": 0.43125,
    "196": 0.215625,
    "197": 0.428125,
    "198": 0.365625,
    "199": 0.421875,
    "200": 0.390625,
    "201": 0.275,
    "202": 0.225,
    "203": 0.259375,
    "204": 0.234375,
    "205": 0.140625,
    "206": 0.284375,
    "207": 0.16875,
    "208": 0.409375,
    "209": 0.35625,
    "210": 0.3875,
    "211": 0.225,
    "212": 0.284375,
    "213": 0.340625,
    "214": 0.334375,
    "215": 0.346875,
    "216": 0.5125,
    "217": 0.365625,
    "218": 0.334375,
    "219": 0.184375,
    "220": 0.428125,
    "221": 0.31875,
    "222": 0.4375,
    "223": 0.315625,
    "224": 0.271875,
    "225": 0.428125,
    "226": 0.4125,
    "227": 0.465625,
    "228": 0.403125,
    "229": 0.45,
    "230": 0.29375,
    "231": 0.196875,
    "232": 0.29375,
    "233": 0.384375,
    "234": 0.484375,
    "235": 0.15625,
    "236": 0.228125,
    "237": 0.40625,
    "238": 0.475,
    "239": 0.48125,
    "240": 0.415625,
    "241": 0.35625,
    "242": 0.39375,
    "243": 0.390625,
    "244": 0.3375,
    "245": 0.3,
    "246": 0.45625,
    "247": 0.3375,
    "248": 0.1875,
    "249": 0.221875,
    "250": 0.359375,
    "251": 0.459375,
    "252": 0.571875,
    "253": 0.4625,
    "254": 0.540625,
    "255": 0.384375,
    "256": 0.4125,
    "257": 0.18125,
    "258": 0.178125,
    "259": 0.203125,
    "260": 0.2875,
    "261": 0.35625,
    "262": 0.396875,
    "263": 0.49375,
    "264": 0.546875,
    "265": 0.3,
    "266": 0.378125,
    "267": 0.36875,
    "268": 0.30625,
    "269": 0.30625,
    "270": 0.028125,
    "271": 0.046875,
    "272": 0.21875,
    "273": 0.41875,
    "274": 0.246875,
    "275": 0.4375,
    "276": 0.265625,
    "277": 0.5,
    "278": 0.434375,
    "279": 0.39375,
    "280": 0.175,
    "281": 0.425,
    "282": 0.4,
    "283": 0.1625,
    "284": 0.11875,
    "285": 0.30625,
    "286": 0.303125,
    "287": 0.15625,
    "288": 0.234375,
    "289": 0.38125,
    "290": 0.35625,
    "291": 0.215625,
    "292": 0.190625,
    "293": 0.35,
    "294": 0.265625,
    "295": 0.303125,
    "296": 0.4125,
    "297": 0.321875,
    "298": 0.35625,
    "299": 0.43125,
    "300": 0.54375,
    "301": 0.421875,