{
  "context_id": "ctx_edge_003",
  "token_count": 112,
  "temporal_reuse_curve": {
    "1": 0.4252533783783784,
    "2": 0.32571022727272725,
    "3": 0.29182912844036696,
    "4": 0.2642361111111111,
    "5": 0.24237733644859813,
    "6": 0.2278301886792453,
    "7": 0.20916666666666667,
    "8": 0.2096454326923077,
    "9": 0.2070388349514563,
    "10": 0.2105392156862745,
    "11": 0.19659653465346535,
    "12": 0.184125,
    "13": 0.18345959595959596,
    "14": 0.19056122448979593,
    "15": 0.1898840206185567,
    "16": 0.18284505208333332,
    "17": 0.1774671052631579,
    "18": 0.18460771276595744,
    "19": 0.1949260752688172,
    "20": 0.1929008152173913,
    "21": 0.17688873626373627,
    "22": 0.17597222222222222,
    "23": 0.1673806179775281,
    "24": 0.15873579545454544,
    "25": 0.16375718390804597,
    "26": 0.16507994186046512,
    "27": 0.1606985294117647,
    "28": 0.16878720238095238,
    "29": 0.1734563253012048,
    "30": 0.18879573170731706,
    "31": 0.18101851851851852,
    "32": 0.193046875,
    "33": 0.1934731012658228,
    "34": 0.17896634615384616,
    "35": 0.16757305194805194,
    "36": 0.19177631578947368,
    "37": 0.18283333333333332,
    "38": 0.16178209459459458,
    "39": 0.1478595890410959,
    "40": 0.13511284722222222,
    "41": 0.13226232394366197,
    "42": 0.12415178571428571,
    "43": 0.11059782608695652,
    "44": 0.1142922794117647,
    "45": 0.1070429104477612,
    "46": 0.10383522727272727,
    "47": 0.09995192307692308,
    "48": 0.09697265625,
    "49": 0.09538690476190476,
    "50": 0.10186491935483871,
    "51": 0.11675204918032787,
    "52": 0.11057291666666667,
    "53": 0.10338983050847457,
    "54": 0.09633620689655173,
    "55": 0.09720394736842106,
    "56": 0.09475446428571428,
    "57": 0.09051136363636364,
    "58": 0.0876736111111111,
    "59": 0.08419811320754716,
    "60": 0.07884615384615384,
    "61": 0.0914828431372549,
    "62": 0.1080625,
    "63": 0.10478316326530612,
    "64": 0.09576822916666666
  },
  "previous_token_reuse_curve": {
    "1": 1.0,
    "2": 0.38125,
    "3": 0.43125,
    "4": 0.184375,
    "5": 0.40625,
    "6": 0.4,
    "7": 0.4875,
    "8": 0.4625,
    "9": 0.4375,
    "10": 0.41875,
    "11": 0.384375,
    "12": 0.153125,
    "13": 0.703125,
    "14": 0.1,
    "15": 0.5875,
    "16": 0.39375,
    "17": 0.240625,
    "18": 0.3625,
    "19": 0.39375,
    "20": 0.465625,
    "21": 0.396875,
    "22": 0.315625,
    "23": 0.475,
    "24": 0.43125,
    "25": 0.23125,
    "26": 0.359375,
    "27": 0.5625,
    "28": 0.365625,
    "29": 0.415625,
    "30": 0.221875,
    "31": 0.390625,
    "32": 0.146875,
    "33": 0.4625,
    "34": 0.065625,
    "35": 0.390625,
    "36": 0.2875,
    "37": 0.5625,
    "38": 0.54375,
    "39": 0.5125,
    "40": 0.375,
    "41": 0.634375,
    "42": 0.653125,
    "43": 0.515625,
    "44": 0.54375,
    "45": 0.515625,
    "46": 0.365625,
    "47": 0.4,
    "48": 0.2375,
    "49": 0.26875,
    "50": 0.228125,
    "51": 0.528125,
    "52": 0.54375,
    "53": 0.534375,
    "54": 0.40625,
    "55": 0.55,
    "56": 0.48125,
    "57": 0.5625,
    "58": 0.403125,
    "59": 0.596875,
    "60": 0.45625,
    "61": 0.33125,
    "62": 0.5,
    "63": 0.421875,
    "64": 0.4625,
    "65": 0.53125,
    "66": 0.409375,
    "67": 0.08125,
    "68": 0.615625,
    "69": 0.275,
    "70": 0.5125,
    "71": 0.628125,
    "72": 0.634375,
    "73": 0.559375,
    "74": 0.478125,
    "75": 0.384375,
    "76": 0.378125,
    "77": 0.3375,
    "78": 0.28125,
    "79": 0.409375,
    "80": 0.403125,
    "81": 0.4375,
    "82": 0.5,
    "83": 0.396875,
    "84": 0.475,
    "85": 0.5,
    "86": 0.13125,
    "87": 0.578125,
    "88": 0.659375,
    "89": 0.478125,
    "90": 0.465625,
    "91": 0.29375,
    "92": 0.384375,
    "93": 0.490625,
    "94": 0.625,
    "95": 0.5375,
    "96": 0.296875,
    "97": 0.290625,
    "98": 0.45,
    "99": 0.3625,
    "100": 0.071875,
    "101": 0.390625,
    "102": 0.459375,
    "103": 0.33125,
    "104": 0.3375,
    "105": 0.4875,
    "106": 0.571875,
    "107": 0.628125,
    "108": 0.609375,
    "109": 0.53125,
    "110": 0.2625,
    "111": 0.203125
  },
  "sliding_window_hit_rate": {
    "4": 0.5891741071428571,
    "8": 0.6638113839285714,
    "16": 0.7451450892857143,
    "32": 0.8105189732142857,
    "64": 0.8396484375
  },
  "expert_entropy_by_layer": {
    "0": 7.4019427978545895,
    "1": 7.350687703634578,
    "2": 7.352125091054521,
    "3": 7.029150656323342,
    "4": 6.728408574257608,
    "5": 6.373542711459211,
    "6": 6.419040923055079,
    "7": 6.259237046015807,
    "8": 5.9576499022029,
    "9": 6.022979523440105,
    "10": 6.413066399644203,
    "11": 6.6207934782034865,
    "12": 6.3024582784056395,
    "13": 6.10316652149121,
    "14": 5.938068209652437,
    "15": 5.974363272652897,
    "16": 6.022165052193401,
    "17": 6.257204326779388,
    "18": 5.965380057102833,
    "19": 5.993389457196875,
    "20": 5.925069495658812,
    "21": 5.843499553251666,
    "22": 6.40144682456273,
    "23": 6.646780068852877,
    "24": 6.126857353713385,
    "25": 5.945410432887646,
    "26": 5.857423236508959,
    "27": 6.024624649329373,
    "28": 6.279593365803328,
    "29": 6.100665957812926,
    "30": 6.1072883967182525,
    "31": 5.949827359233818,
    "32": 6.270349183344179,
    "33": 6.431333772993467,
    "34": 6.378569834173846,
    "35": 6.025428481430459,
    "36": 6.133022982050219,
    "37": 5.9774146850285055,
    "38": 6.102593149888045,
    "39": 6.4505106212053445
  },
  "context_switch_churn": 0.5747466216216216
}