{
  "context_id": "ctx_reasoning_003",
  "token_count": 448,
  "temporal_reuse_curve": {
    "1": 0.3516778523489933,
    "2": 0.2664798206278027,
    "3": 0.2382865168539326,
    "4": 0.21771537162162163,
    "5": 0.20417607223476297,
    "6": 0.19058964932126696,
    "7": 0.1868268140589569,
    "8": 0.18300426136363637,
    "9": 0.18117881548974943,
    "10": 0.18221318493150684,
    "11": 0.1808066361556064,
    "12": 0.17368836009174313,
    "13": 0.17406609195402298,
    "14": 0.17557603686635945,
    "15": 0.1827872401847575,
    "16": 0.1763744212962963,
    "17": 0.1855495939675174,
    "18": 0.1763154069767442,
    "19": 0.16874271561771562,
    "20": 0.1628942757009346,
    "21": 0.1507172131147541,
    "22": 0.15349911971830985,
    "23": 0.14619117647058824,
    "24": 0.14973466981132075,
    "25": 0.15199468085106382,
    "26": 0.15374703791469194,
    "27": 0.162396080760095,
    "28": 0.15326636904761906,
    "29": 0.1443988663484487,
    "30": 0.1460077751196172,
    "31": 0.1557404076738609,
    "32": 0.1554462139423077,
    "33": 0.1489156626506024,
    "34": 0.14416515700483093,
    "35": 0.14495308716707023,
    "36": 0.14770934466019417,
    "37": 0.14864659367396593,
    "38": 0.14339176829268294,
    "39": 0.14093062347188265,
    "40": 0.14018841911764707,
    "41": 0.1418458230958231,
    "42": 0.14029402709359606,
    "43": 0.13506172839506173,
    "44": 0.1432549504950495,
    "45": 0.13876395781637718,
    "46": 0.1388759328358209,
    "47": 0.14056265586034913,
    "48": 0.1362265625,
    "49": 0.13487625313283208,
    "50": 0.1380731783919598,
    "51": 0.14431675062972293,
    "52": 0.14538352272727273,
    "53": 0.14477848101265822,
    "54": 0.15057899746192893,
    "55": 0.14572201017811706,
    "56": 0.1511001275510204,
    "57": 0.14976822250639385,
    "58": 0.1462820512820513,
    "59": 0.13797397172236503,
    "60": 0.12761759020618557,
    "61": 0.1264292635658915,
    "62": 0.1250809585492228,
    "63": 0.12346590909090908,
    "64": 0.12708333333333333
  },
  "previous_token_reuse_curve": {
    "1": 1.0,
    "2": 0.378125,
    "3": 0.43125,
    "4": 0.1875,
    "5": 0.421875,
    "6": 0.415625,
    "7": 0.478125,
    "8": 0.475,
    "9": 0.425,
    "10": 0.421875,
    "11": 0.371875,
    "12": 0.153125,
    "13": 0.684375,
    "14": 0.09375,
    "15": 0.575,
    "16": 0.340625,
    "17": 0.50625,
    "18": 0.53125,
    "19": 0.503125,
    "20": 0.303125,
    "21": 0.434375,
    "22": 0.553125,
    "23": 0.4125,
    "24": 0.421875,
    "25": 0.45625,
    "26": 0.415625,
    "27": 0.465625,
    "28": 0.40625,
    "29": 0.35625,
    "30": 0.421875,
    "31": 0.25,
    "32": 0.3625,
    "33": 0.334375,
    "34": 0.40625,
    "35": 0.3875,
    "36": 0.275,
    "37": 0.3375,
    "38": 0.278125,
    "39": 0.1875,
    "40": 0.353125,
    "41": 0.471875,
    "42": 0.15625,
    "43": 0.31875,
    "44": 0.440625,
    "45": 0.3875,
    "46": 0.2875,
    "47": 0.36875,
    "48": 0.421875,
    "49": 0.453125,
    "50": 0.46875,
    "51": 0.465625,
    "52": 0.5125,
    "53": 0.434375,
    "54": 0.396875,
    "55": 0.34375,
    "56": 0.3625,
    "57": 0.278125,
    "58": 0.421875,
    "59": 0.246875,
    "60": 0.425,
    "61": 0.06875,
    "62": 0.4375,
    "63": 0.046875,
    "64": 0.28125,
    "65": 0.19375,
    "66": 0.546875,
    "67": 0.584375,
    "68": 0.590625,
    "69": 0.384375,
    "70": 0.4,
    "71": 0.35,
    "72": 0.31875,
    "73": 0.2125,
    "74": 0.375,
    "75": 0.334375,
    "76": 0.30625,
    "77": 0.178125,
    "78": 0.53125,
    "79": 0.275,
    "80": 0.5,
    "81": 0.21875,
    "82": 0.175,
    "83": 0.334375,
    "84": 0.303125,
    "85": 0.19375,
    "86": 0.21875,
    "87": 0.365625,
    "88": 0.575,
    "89": 0.071875,
    "90": 0.1375,
    "91": 0.321875,
    "92": 0.35625,
    "93": 0.49375,
    "94": 0.284375,
    "95": 0.228125,
    "96": 0.503125,
    "97": 0.4375,
    "98": 0.353125,
    "99": 0.353125,
    "100": 0.428125,
    "101": 0.465625,
    "102": 0.375,
    "103": 0.509375,
    "104": 0.203125,
    "105": 0.378125,
    "106": 0.428125,
    "107": 0.428125,
    "108": 0.38125,
    "109": 0.396875,
    "110": 0.309375,
    "111": 0.25,
    "112": 0.353125,
    "113": 0.28125,
    "114": 0.29375,
    "115": 0.353125,
    "116": 0.1875,
    "117": 0.328125,
    "118": 0.23125,
    "119": 0.25625,
    "120": 0.221875,
    "121": 0.29375,
    "122": 0.278125,
    "123": 0.328125,
    "124": 0.228125,
    "125": 0.390625,
    "126": 0.203125,
    "127": 0.30625,
    "128": 0.28125,
    "129": 0.39375,
    "130": 0.340625,
    "131": 0.29375,
    "132": 0.334375,
    "133": 0.459375,
    "134": 0.4625,
    "135": 0.41875,
    "136": 0.2375,
    "137": 0.30625,
    "138": 0.34375,
    "139": 0.38125,
    "140": 0.44375,
    "141": 0.178125,
    "142": 0.2125,
    "143": 0.39375,
    "144": 0.321875,
    "145": 0.371875,
    "146": 0.2,
    "147": 0.265625,
    "148": 0.35,
    "149": 0.3625,
    "150": 0.534375,
    "151": 0.265625,
    "152": 0.34375,
    "153": 0.234375,
    "154": 0.278125,
    "155": 0.3,
    "156": 0.25,
    "157": 0.4,
    "158": 0.26875,
    "159": 0.325,
    "160": 0.271875,
    "161": 0.265625,
    "162": 0.234375,
    "163": 0.271875,
    "164": 0.29375,
    "165": 0.190625,
    "166": 0.425,
    "167": 0.453125,
    "168": 0.225,
    "169": 0.315625,
    "170": 0.365625,
    "171": 0.2875,
    "172": 0.225,
    "173": 0.13125,
    "174": 0.321875,
    "175": 0.2625,
    "176": 0.31875,
    "177": 0.25625,
    "178": 0.221875,
    "179": 0.303125,
    "180": 0.29375,
    "181": 0.171875,
    "182": 0.425,
    "183": 0.421875,
    "184": 0.040625,
    "185": 0.125,
    "186": 0.4,
    "187": 0.30625,
    "188": 0.365625,
    "189": 0.48125,
    "190": 0.221875,
    "191": 0.271875,
    "192": 0.178125,
    "193": 0.33125,
    "194": 0.39375,
    "195": 0.409375,
    "196": 0.3625,
    "197": 0.509375,
    "198": 0.371875,
    "199": 0.35,
    "200": 0.5125,
    "201": 0.446875,
    "202": 0.390625,
    "203": 0.253125,
    "204": 0.584375,
    "205": 0.58125,
    "206": 0.3125,
    "207": 0.278125,
    "208": 0.45625,
    "209": 0.203125,
    "210": 0.209375,
    "211": 0.55,
    "212": 0.434375,
    "213": 0.48125,
    "214": 0.365625,
    "215": 0.521875,
    "216": 0.3,
    "217": 0.35,
    "218": 0.309375,
    "219": 0.446875,
    "220": 0.421875,
    "221": 0.278125,
    "222": 0.446875,
    "223": 0.184375,
    "224": 0.28125,
    "225": 0.228125,
    "226": 0.390625,
    "227": 0.48125,
    "228": 0.490625,
    "229": 0.3,
    "230": 0.359375,
    "231": 0.303125,
    "232": 0.4,
    "233": 0.15,
    "234": 0.13125,
    "235": 0.346875,
    "236": 0.1,
    "237": 0.0875,
    "238": 0.325,
    "239": 0.45625,
    "240": 0.49375,
    "241": 0.134375,
    "242": 0.4375,
    "243": 0.603125,
    "244": 0.45,
    "245": 0.546875,
    "246": 0.225,
    "247": 0.325,
    "248": 0.25,
    "249": 0.35625,
    "250": 0.278125,
    "251": 0.3625,
    "252": 0.25,
    "253": 0.29375,
    "254": 0.346875,
    "255": 0.553125,
    "256": 0.634375,
    "257": 0.51875,
    "258": 0.50625,
    "259": 0.4625,
    "260": 0.4375,
    "261": 0.353125,
    "262": 0.54375,
    "263": 0.715625,
    "264": 0.475,
    "265": 0.20625,
    "266": 0.284375,
    "267": 0.29375,
    "268": 0.28125,
    "269": 0.25,
    "270": 0.303125,
    "271": 0.259375,
    "272": 0.390625,
    "273": 0.490625,
    "274": 0.3875,
    "275": 0.271875,
    "276": 0.2375,
    "277": 0.390625,
    "278": 0.425,
    "279": 0.209375,
    "280": 0.165625,
    "281": 0.278125,
    "282": 0.33125,
    "283": 0.221875,
    "284": 0.2875,
    "285": 0.3,
    "286": 0.575,
    "287": 0.11875,
    "288": 0.121875,
    "289": 0.290625,
    "290": 0.25,
    "291": 0.221875,
    "292": 0.196875,
    "293": 0.48125,
    "294": 0.34375,
    "295": 0.265625,
    "296": 0.465625,
    "297": 0.23125,
    "298": 0.43125,
    "299": 0.20625,
    "300": 0.328125,
    "301": 0.496875,
    "302": 0.359375,