{
  "context_id": "ctx_coding_002",
  "token_count": 416,
  "temporal_reuse_curve": {
    "1": 0.32840361445783134,
    "2": 0.2528985507246377,
    "3": 0.25308716707021794,
    "4": 0.2103686286407767,
    "5": 0.1999391727493917,
    "6": 0.2214329268292683,
    "7": 0.186690097799511,
    "8": 0.17918964460784315,
    "9": 0.18667843980343982,
    "10": 0.1790332512315271,
    "11": 0.1714506172839506,
    "12": 0.1798499381188119,
    "13": 0.1540787841191067,
    "14": 0.15770366915422884,
    "15": 0.15165211970074813,
    "16": 0.1507890625,
    "17": 0.1537359022556391,
    "18": 0.1428156407035176,
    "19": 0.14414357682619647,
    "20": 0.15881470959595959,
    "21": 0.14290348101265823,
    "22": 0.1431472081218274,
    "23": 0.15618638676844784,
    "24": 0.13831313775510204,
    "25": 0.13909846547314578,
    "26": 0.14028846153846153,
    "27": 0.1249758997429306,
    "28": 0.11886275773195876,
    "29": 0.12365956072351421,
    "30": 0.11696891191709845,
    "31": 0.11482954545454545,
    "32": 0.11617838541666667,
    "33": 0.1064539817232376,
    "34": 0.10543193717277487,
    "35": 0.10585629921259843,
    "36": 0.10860197368421053,
    "37": 0.10981200527704485,
    "38": 0.11063988095238095,
    "39": 0.10388759946949602,
    "40": 0.1054438164893617,
    "41": 0.10295,
    "42": 0.10419451871657753,
    "43": 0.10007540214477212,
    "44": 0.10092405913978494,
    "45": 0.10506233153638814,
    "46": 0.10581081081081081,
    "47": 0.10604674796747968,
    "48": 0.10461956521739131,
    "49": 0.09982118528610354,
    "50": 0.10100751366120218,
    "51": 0.10014554794520548,
    "52": 0.0998798076923077,
    "53": 0.09933712121212121,
    "54": 0.09822168508287293,
    "55": 0.09667590027700831,
    "56": 0.09728298611111111,
    "57": 0.08993732590529248,
    "58": 0.0884427374301676,
    "59": 0.08106617647058824,
    "60": 0.08420821629213483,
    "61": 0.09066901408450705,
    "62": 0.09332627118644068,
    "63": 0.08728753541076487,
    "64": 0.08283025568181818
  },
  "previous_token_reuse_curve": {
    "1": 1.0,
    "2": 0.378125,
    "3": 0.428125,
    "4": 0.190625,
    "5": 0.421875,
    "6": 0.415625,
    "7": 0.484375,
    "8": 0.4625,
    "9": 0.434375,
    "10": 0.425,
    "11": 0.384375,
    "12": 0.15,
    "13": 0.709375,
    "14": 0.10625,
    "15": 0.590625,
    "16": 0.4625,
    "17": 0.51875,
    "18": 0.55625,
    "19": 0.4625,
    "20": 0.484375,
    "21": 0.453125,
    "22": 0.50625,
    "23": 0.540625,
    "24": 0.496875,
    "25": 0.334375,
    "26": 0.465625,
    "27": 0.4625,
    "28": 0.50625,
    "29": 0.36875,
    "30": 0.43125,
    "31": 0.365625,
    "32": 0.5,
    "33": 0.68125,
    "34": 0.509375,
    "35": 0.571875,
    "36": 0.296875,
    "37": 0.38125,
    "38": 0.565625,
    "39": 0.40625,
    "40": 0.4,
    "41": 0.346875,
    "42": 0.503125,
    "43": 0.24375,
    "44": 0.378125,
    "45": 0.428125,
    "46": 0.503125,
    "47": 0.346875,
    "48": 0.3875,
    "49": 0.43125,
    "50": 0.328125,
    "51": 0.35,
    "52": 0.4375,
    "53": 0.425,
    "54": 0.24375,
    "55": 0.346875,
    "56": 0.31875,
    "57": 0.315625,
    "58": 0.346875,
    "59": 0.41875,
    "60": 0.41875,
    "61": 0.3875,
    "62": 0.465625,
    "63": 0.40625,
    "64": 0.421875,
    "65": 0.396875,
    "66": 0.478125,
    "67": 0.384375,
    "68": 0.353125,
    "69": 0.403125,
    "70": 0.309375,
    "71": 0.375,
    "72": 0.45,
    "73": 0.546875,
    "74": 0.3625,
    "75": 0.421875,
    "76": 0.434375,
    "77": 0.4875,
    "78": 0.39375,
    "79": 0.153125,
    "80": 0.06875,
    "81": 0.178125,
    "82": 0.178125,
    "83": 0.353125,
    "84": 0.275,
    "85": 0.3,
    "86": 0.34375,
    "87": 0.3,
    "88": 0.3,
    "89": 0.20625,
    "90": 0.28125,
    "91": 0.35,
    "92": 0.4125,
    "93": 0.346875,
    "94": 0.36875,
    "95": 0.303125,
    "96": 0.40625,
    "97": 0.45,
    "98": 0.40625,
    "99": 0.43125,
    "100": 0.490625,
    "101": 0.35625,
    "102": 0.3625,
    "103": 0.165625,
    "104": 0.1,
    "105": 0.321875,
    "106": 0.4875,
    "107": 0.375,
    "108": 0.371875,
    "109": 0.0875,
    "110": 0.059375,
    "111": 0.284375,
    "112": 0.49375,
    "113": 0.390625,
    "114": 0.2375,
    "115": 0.459375,
    "116": 0.353125,
    "117": 0.59375,
    "118": 0.371875,
    "119": 0.325,
    "120": 0.3625,
    "121": 0.29375,
    "122": 0.325,
    "123": 0.103125,
    "124": 0.075,
    "125": 0.11875,
    "126": 0.14375,
    "127": 0.0125,
    "128": 0.28125,
    "129": 0.025,
    "130": 0.034375,
    "131": 0.159375,
    "132": 0.05,
    "133": 0.0375,
    "134": 0.275,
    "135": 0.034375,
    "136": 0.05,
    "137": 0.19375,
    "138": 0.234375,
    "139": 0.3875,
    "140": 0.25,
    "141": 0.071875,
    "142": 0.53125,
    "143": 0.45625,
    "144": 0.578125,
    "145": 0.5625,
    "146": 0.559375,
    "147": 0.353125,
    "148": 0.384375,
    "149": 0.40625,
    "150": 0.70625,
    "151": 0.475,
    "152": 0.334375,
    "153": 0.43125,
    "154": 0.559375,
    "155": 0.425,
    "156": 0.2875,
    "157": 0.4125,
    "158": 0.425,
    "159": 0.3125,
    "160": 0.328125,
    "161": 0.34375,
    "162": 0.19375,
    "163": 0.390625,
    "164": 0.496875,
    "165": 0.465625,
    "166": 0.34375,
    "167": 0.240625,
    "168": 0.225,
    "169": 0.121875,
    "170": 0.16875,
    "171": 0.175,
    "172": 0.1875,
    "173": 0.303125,
    "174": 0.246875,
    "175": 0.08125,
    "176": 0.0875,
    "177": 0.271875,
    "178": 0.084375,
    "179": 0.1875,
    "180": 0.246875,
    "181": 0.090625,
    "182": 0.084375,
    "183": 0.2625,
    "184": 0.2875,
    "185": 0.146875,
    "186": 0.18125,
    "187": 0.271875,
    "188": 0.23125,
    "189": 0.2125,
    "190": 0.328125,
    "191": 0.2875,
    "192": 0.26875,
    "193": 0.084375,
    "194": 0.025,
    "195": 0.271875,
    "196": 0.184375,
    "197": 0.246875,
    "198": 0.315625,
    "199": 0.3625,
    "200": 0.28125,
    "201": 0.2625,
    "202": 0.265625,
    "203": 0.021875,
    "204": 0.01875,
    "205": 0.090625,
    "206": 0.190625,
    "207": 0.2,
    "208": 0.221875,
    "209": 0.315625,
    "210": 0.275,
    "211": 0.178125,
    "212": 0.159375,
    "213": 0.240625,
    "214": 0.4125,
    "215": 0.353125,
    "216": 0.33125,
    "217": 0.28125,
    "218": 0.29375,
    "219": 0.16875,
    "220": 0.4,
    "221": 0.3,
    "222": 0.3375,
    "223": 0.378125,
    "224": 0.346875,
    "225": 0.275,
    "226": 0.115625,
    "227": 0.115625,
    "228": 0.009375,
    "229": 0.315625,
    "230": 0.375,
    "231": 0.215625,
    "232": 0.0625,
    "233": 0.2375,
    "234": 0.03125,
    "235": 0.28125,
    "236": 0.078125,
    "237": 0.08125,
    "238": 0.275,
    "239": 0.415625,
    "240": 0.403125,
    "241": 0.403125,
    "242": 0.23125,
    "243": 0.315625,
    "244": 0.28125,
    "245": 0.221875,
    "246": 0.1,
    "247": 0.315625,
    "248": 0.0125,
    "249": 0.028125,
    "250": 0.159375,
    "251": 0.015625,
    "252": 0.06875,
    "253": 0.278125,
    "254": 0.025,
    "255": 0.034375,
    "256": 0.39375,
    "257": 0.034375,
    "258": 0.1125,
    "259": 0.2625,
    "260": 0.065625,
    "261": 0.2625,
    "262": 0.353125,
    "263": 0.253125,
    "264": 0.646875,
    "265": 0.234375,
    "266": 0.540625,
    "267": 0.5875,
    "268": 0.425,
    "269": 0.490625,
    "270": 0.528125,
    "271": 0.4125,
    "272": 0.334375,
    "273": 0.378125,
    "274": 0.334375,
    "275": 0.26875,
    "276": 0.321875,
    "277": 0.4125,
    "278": 0.36875,
    "279": 0.465625,
    "280": 0.25,
    "281": 0.31875,
    "282": 0.36875,
    "283": 0.534375,
    "284": 0.59375,
    "285": 0.553125,
    "286": 0.5,
    "287": 0.503125,
    "288": 0.471875,
    "289": 0.43125,
    "290": 0.46875,
    "291": 0.48125,
    "292": 0.596875,
    "293": 0.7375,
    "294": 0.503125,
    "295": 0.490625,
    "296": 0.2625,
    "297": 0.353125,
    "298": 0.465625,
    "299": 0.346875,
    "300": 0.234375,
    "301": 0.4375,
    "302": 0.39375,
    "303": 0.453125,