{
  "context_id": "ctx_multi_turn_001",
  "token_count": 519,
  "temporal_reuse_curve": {
    "1": 0.3904741795366795,
    "2": 0.3040014506769826,
    "3": 0.27579336240310076,
    "4": 0.25606796116504854,
    "5": 0.24935554474708171,
    "6": 0.2378715886939571,
    "7": 0.22254638671875,
    "8": 0.21912915851272016,
    "9": 0.22152573529411765,
    "10": 0.2225073673870334,
    "11": 0.2111712598425197,
    "12": 0.19985823471400394,
    "13": 0.20092020750988143,
    "14": 0.20693688118811882,
    "15": 0.20998263888888888,
    "16": 0.20447937375745526,
    "17": 0.20765687250996015,
    "18": 0.20703592814371258,
    "19": 0.2144125,
    "20": 0.20880511022044088,
    "21": 0.2143448795180723,
    "22": 0.2144806338028169,
    "23": 0.20577746975806452,
    "24": 0.1941540404040404,
    "25": 0.19030237854251011,
    "26": 0.19738843813387424,
    "27": 0.19516006097560976,
    "28": 0.19208884928716904,
    "29": 0.19125,
    "30": 0.18851610429447851,
    "31": 0.19034964139344263,
    "32": 0.19239604722792608,
    "33": 0.19009130658436213,
    "34": 0.19088273195876287,
    "35": 0.1817084194214876,
    "36": 0.18666537267080746,
    "37": 0.19133169087136928,
    "38": 0.1904495841995842,
    "39": 0.18901041666666665,
    "40": 0.18529488517745302,
    "41": 0.18491762552301255,
    "42": 0.1886333857442348,
    "43": 0.18045561974789917,
    "44": 0.17648026315789472,
    "45": 0.17637130801687764,
    "46": 0.17155126849894292,
    "47": 0.17119306144067797,
    "48": 0.1777468152866242,
    "49": 0.1755186170212766,
    "50": 0.1710621002132196,
    "51": 0.1702590811965812,
    "52": 0.16914480728051393,
    "53": 0.17509388412017168,
    "54": 0.1820497311827957,
    "55": 0.18704202586206897,
    "56": 0.18407127429805614,
    "57": 0.18123647186147185,
    "58": 0.1776504880694143,
    "59": 0.1791032608695652,
    "60": 0.18474945533769063,
    "61": 0.1787186135371179,
    "62": 0.1755265317286652,
    "63": 0.17583607456140352,
    "64": 0.17139423076923077
  },
  "previous_token_reuse_curve": {
    "1": 1.0,
    "2": 0.378125,
    "3": 0.43125,
    "4": 0.1875,
    "5": 0.421875,
    "6": 0.415625,
    "7": 0.478125,
    "8": 0.475,
    "9": 0.425,
    "10": 0.421875,
    "11": 0.371875,
    "12": 0.153125,
    "13": 0.684375,
    "14": 0.09375,
    "15": 0.575,
    "16": 0.38125,
    "17": 0.63125,
    "18": 0.521875,
    "19": 0.621875,
    "20": 0.540625,
    "21": 0.5125,
    "22": 0.521875,
    "23": 0.484375,
    "24": 0.409375,
    "25": 0.459375,
    "26": 0.509375,
    "27": 0.446875,
    "28": 0.46875,
    "29": 0.496875,
    "30": 0.396875,
    "31": 0.4,
    "32": 0.340625,
    "33": 0.23125,
    "34": 0.49375,
    "35": 0.453125,
    "36": 0.328125,
    "37": 0.446875,
    "38": 0.290625,
    "39": 0.459375,
    "40": 0.334375,
    "41": 0.50625,
    "42": 0.35,
    "43": 0.1375,
    "44": 0.121875,
    "45": 0.625,
    "46": 0.46875,
    "47": 0.465625,
    "48": 0.259375,
    "49": 0.20625,
    "50": 0.453125,
    "51": 0.446875,
    "52": 0.209375,
    "53": 0.36875,
    "54": 0.321875,
    "55": 0.225,
    "56": 0.40625,
    "57": 0.29375,
    "58": 0.190625,
    "59": 0.4125,
    "60": 0.04375,
    "61": 0.540625,
    "62": 0.034375,
    "63": 0.521875,
    "64": 0.421875,
    "65": 0.565625,
    "66": 0.571875,
    "67": 0.596875,
    "68": 0.415625,
    "69": 0.528125,
    "70": 0.096875,
    "71": 0.55625,
    "72": 0.20625,
    "73": 0.1875,
    "74": 0.4875,
    "75": 0.44375,
    "76": 0.3,
    "77": 0.346875,
    "78": 0.3125,
    "79": 0.409375,
    "80": 0.415625,
    "81": 0.578125,
    "82": 0.40625,
    "83": 0.34375,
    "84": 0.38125,
    "85": 0.525,
    "86": 0.475,
    "87": 0.45625,
    "88": 0.5,
    "89": 0.58125,
    "90": 0.521875,
    "91": 0.44375,
    "92": 0.321875,
    "93": 0.425,
    "94": 0.396875,
    "95": 0.409375,
    "96": 0.3625,
    "97": 0.09375,
    "98": 0.171875,
    "99": 0.371875,
    "100": 0.275,
    "101": 0.459375,
    "102": 0.528125,
    "103": 0.425,
    "104": 0.403125,
    "105": 0.309375,
    "106": 0.471875,
    "107": 0.53125,
    "108": 0.490625,
    "109": 0.40625,
    "110": 0.565625,
    "111": 0.546875,
    "112": 0.503125,
    "113": 0.553125,
    "114": 0.453125,
    "115": 0.515625,
    "116": 0.653125,
    "117": 0.278125,
    "118": 0.3625,
    "119": 0.384375,
    "120": 0.603125,
    "121": 0.484375,
    "122": 0.390625,
    "123": 0.15625,
    "124": 0.096875,
    "125": 0.390625,
    "126": 0.03125,
    "127": 0.5125,
    "128": 0.5625,
    "129": 0.325,
    "130": 0.275,
    "131": 0.321875,
    "132": 0.234375,
    "133": 0.31875,
    "134": 0.4625,
    "135": 0.340625,
    "136": 0.490625,
    "137": 0.4125,
    "138": 0.3125,
    "139": 0.521875,
    "140": 0.428125,
    "141": 0.43125,
    "142": 0.375,
    "143": 0.30625,
    "144": 0.3,
    "145": 0.346875,
    "146": 0.44375,
    "147": 0.503125,
    "148": 0.490625,
    "149": 0.503125,
    "150": 0.440625,
    "151": 0.575,
    "152": 0.50625,
    "153": 0.271875,
    "154": 0.34375,
    "155": 0.340625,
    "156": 0.46875,
    "157": 0.415625,
    "158": 0.3875,
    "159": 0.25,
    "160": 0.4625,
    "161": 0.4,
    "162": 0.50625,
    "163": 0.459375,
    "164": 0.340625,
    "165": 0.05,
    "166": 0.06875,
    "167": 0.309375,
    "168": 0.24375,
    "169": 0.209375,
    "170": 0.565625,
    "171": 0.4625,
    "172": 0.484375,
    "173": 0.346875,
    "174": 0.44375,
    "175": 0.475,
    "176": 0.4625,
    "177": 0.40625,
    "178": 0.45,
    "179": 0.378125,
    "180": 0.38125,
    "181": 0.390625,
    "182": 0.425,
    "183": 0.5875,
    "184": 0.446875,
    "185": 0.35,
    "186": 0.23125,
    "187": 0.346875,
    "188": 0.109375,
    "189": 0.228125,
    "190": 0.4125,
    "191": 0.396875,
    "192": 0.3625,
    "193": 0.365625,
    "194": 0.14375,
    "195": 0.103125,
    "196": 0.46875,
    "197": 0.325,
    "198": 0.253125,
    "199": 0.565625,
    "200": 0.334375,
    "201": 0.41875,
    "202": 0.459375,
    "203": 0.409375,
    "204": 0.384375,
    "205": 0.46875,
    "206": 0.46875,
    "207": 0.521875,
    "208": 0.45625,
    "209": 0.3,
    "210": 0.375,
    "211": 0.484375,
    "212": 0.546875,
    "213": 0.4,
    "214": 0.425,
    "215": 0.35625,
    "216": 0.396875,
    "217": 0.396875,
    "218": 0.440625,
    "219": 0.4,
    "220": 0.4125,
    "221": 0.378125,
    "222": 0.521875,
    "223": 0.55625,
    "224": 0.428125,
    "225": 0.3375,
    "226": 0.40625,
    "227": 0.30625,
    "228": 0.41875,
    "229": 0.215625,
    "230": 0.265625,
    "231": 0.38125,
    "232": 0.484375,
    "233": 0.290625,
    "234": 0.31875,
    "235": 0.33125,
    "236": 0.3,
    "237": 0.371875,
    "238": 0.471875,
    "239": 0.4125,
    "240": 0.475,
    "241": 0.33125,
    "242": 0.534375,
    "243": 0.440625,
    "244": 0.39375,
    "245": 0.425,
    "246": 0.33125,
    "247": 0.4125,
    "248": 0.3875,
    "249": 0.440625,
    "250": 0.25625,
    "251": 0.3875,
    "252": 0.35625,
    "253": 0.378125,
    "254": 0.45,
    "255": 0.365625,
    "256": 0.2875,
    "257": 0.1625,
    "258": 0.225,
    "259": 0.4875,
    "260": 0.384375,
    "261": 0.384375,
    "262": 0.378125,
    "263": 0.340625,
    "264": 0.353125,
    "265": 0.3375,
    "266": 0.465625,
    "267": 0.14375,
    "268": 0.209375,
    "269": 0.1625,
    "270": 0.440625,
    "271": 0.39375,
    "272": 0.375,
    "273": 0.4625,
    "274": 0.371875,
    "275": 0.25625,
    "276": 0.49375,
    "277": 0.39375,
    "278": 0.434375,
    "279": 0.459375,
    "280": 0.403125,
    "281": 0.328125,
    "282": 0.459375,
    "283": 0.44375,
    "284": 0.3125,
    "285": 0.328125,
    "286": 0.465625,
    "287": 0.375,
    "288": 0.33125,
    "289": 0.325,
    "290": 0.3625,
    "291": 0.38125,
    "292": 0.603125,
    "293": 0.384375,
    "294": 0.40625,
    "295": 0.434375,
    "296": 0.4625,
    "297": 0.3,
    "298": 0.115625,
    "299": 0.3375,
    "300": 0.43125,
    "301": 0.253125,
    "302": 0.38125,