{
  "context_id": "ctx_coding_001",
  "token_count": 628,
  "temporal_reuse_curve": {
    "1": 0.34474182615629984,
    "2": 0.2638228833865815,
    "3": 0.229495,
    "4": 0.20701121794871793,
    "5": 0.19302267255216693,
    "6": 0.18879119774919614,
    "7": 0.17965479066022544,
    "8": 0.1812046370967742,
    "9": 0.178811591276252,
    "10": 0.17563207928802588,
    "11": 0.1748328606158833,
    "12": 0.167283887987013,
    "13": 0.1646239837398374,
    "14": 0.16161441368078175,
    "15": 0.15867149265905384,
    "16": 0.16256638071895424,
    "17": 0.16099631751227497,
    "18": 0.16879610655737706,
    "19": 0.1637110016420361,
    "20": 0.16173930921052632,
    "21": 0.16559925864909392,
    "22": 0.16719265676567657,
    "23": 0.1656404958677686,
    "24": 0.1648334023178808,
    "25": 0.1510002072968491,
    "26": 0.14714493355481728,
    "27": 0.14674500831946755,
    "28": 0.14897395833333332,
    "29": 0.1539753756260434,
    "30": 0.15600961538461539,
    "31": 0.1523607621440536,
    "32": 0.1530148909395973,
    "33": 0.15819327731092436,
    "34": 0.1653777356902357,
    "35": 0.1586266863406408,
    "36": 0.15375316722972973,
    "37": 0.1575507614213198,
    "38": 0.1530667372881356,
    "39": 0.15513051782682513,
    "40": 0.15453337585034013,
    "41": 0.15138415672913116,
    "42": 0.14702965017064845,
    "43": 0.14330662393162394,
    "44": 0.14730308219178082,
    "45": 0.1419757718696398,
    "46": 0.14136060996563574,
    "47": 0.14261510327022375,
    "48": 0.14542564655172413,
    "49": 0.14872625215889465,
    "50": 0.14743728373702422,
    "51": 0.14722162045060658,
    "52": 0.1397026909722222,
    "53": 0.1347336956521739,
    "54": 0.1323442944250871,
    "55": 0.13588023560209425,
    "56": 0.13121722027972027,
    "57": 0.13333515761821366,
    "58": 0.13453399122807017,
    "59": 0.13564916520210896,
    "60": 0.138946963028169,
    "61": 0.13443562610229276,
    "62": 0.13464001766784453,
    "63": 0.13150442477876106,
    "64": 0.13372672872340424
  },
  "previous_token_reuse_curve": {
    "1": 1.0,
    "2": 1.0,
    "3": 0.38125,
    "4": 0.4375,
    "5": 0.1875,
    "6": 0.4125,
    "7": 0.4125,
    "8": 0.484375,
    "9": 0.4625,
    "10": 0.4375,
    "11": 0.409375,
    "12": 0.375,
    "13": 0.146875,
    "14": 0.69375,
    "15": 0.09375,
    "16": 0.565625,
    "17": 0.365625,
    "18": 0.55625,
    "19": 0.528125,
    "20": 0.58125,
    "21": 0.5,
    "22": 0.409375,
    "23": 0.440625,
    "24": 0.48125,
    "25": 0.36875,
    "26": 0.640625,
    "27": 0.575,
    "28": 0.534375,
    "29": 0.453125,
    "30": 0.3375,
    "31": 0.3875,
    "32": 0.4125,
    "33": 0.39375,
    "34": 0.2125,
    "35": 0.3375,
    "36": 0.565625,
    "37": 0.53125,
    "38": 0.521875,
    "39": 0.51875,
    "40": 0.46875,
    "41": 0.409375,
    "42": 0.334375,
    "43": 0.221875,
    "44": 0.484375,
    "45": 0.275,
    "46": 0.40625,
    "47": 0.059375,
    "48": 0.628125,
    "49": 0.04375,
    "50": 0.4875,
    "51": 0.41875,
    "52": 0.575,
    "53": 0.6125,
    "54": 0.603125,
    "55": 0.54375,
    "56": 0.61875,
    "57": 0.35625,
    "58": 0.421875,
    "59": 0.509375,
    "60": 0.371875,
    "61": 0.23125,
    "62": 0.3,
    "63": 0.36875,
    "64": 0.33125,
    "65": 0.63125,
    "66": 0.31875,
    "67": 0.2875,
    "68": 0.421875,
    "69": 0.175,
    "70": 0.3625,
    "71": 0.4625,
    "72": 0.353125,
    "73": 0.51875,
    "74": 0.440625,
    "75": 0.359375,
    "76": 0.290625,
    "77": 0.18125,
    "78": 0.45,
    "79": 0.53125,
    "80": 0.471875,
    "81": 0.45,
    "82": 0.465625,
    "83": 0.35625,
    "84": 0.4125,
    "85": 0.60625,
    "86": 0.34375,
    "87": 0.284375,
    "88": 0.321875,
    "89": 0.371875,
    "90": 0.384375,
    "91": 0.325,
    "92": 0.3,
    "93": 0.215625,
    "94": 0.446875,
    "95": 0.4375,
    "96": 0.453125,
    "97": 0.415625,
    "98": 0.38125,
    "99": 0.3625,
    "100": 0.16875,
    "101": 0.171875,
    "102": 0.275,
    "103": 0.35,
    "104": 0.55,
    "105": 0.346875,
    "106": 0.43125,
    "107": 0.409375,
    "108": 0.375,
    "109": 0.303125,
    "110": 0.315625,
    "111": 0.45625,
    "112": 0.090625,
    "113": 0.096875,
    "114": 0.21875,
    "115": 0.634375,
    "116": 0.390625,
    "117": 0.484375,
    "118": 0.425,
    "119": 0.421875,
    "120": 0.4,
    "121": 0.359375,
    "122": 0.134375,
    "123": 0.525,
    "124": 0.490625,
    "125": 0.425,
    "126": 0.409375,
    "127": 0.44375,
    "128": 0.625,
    "129": 0.428125,
    "130": 0.28125,
    "131": 0.328125,
    "132": 0.415625,
    "133": 0.365625,
    "134": 0.215625,
    "135": 0.246875,
    "136": 0.4125,
    "137": 0.5,
    "138": 0.45625,
    "139": 0.578125,
    "140": 0.484375,
    "141": 0.51875,
    "142": 0.421875,
    "143": 0.45,
    "144": 0.4125,
    "145": 0.24375,
    "146": 0.2375,
    "147": 0.45625,
    "148": 0.496875,
    "149": 0.44375,
    "150": 0.35625,
    "151": 0.278125,
    "152": 0.390625,
    "153": 0.3875,
    "154": 0.38125,
    "155": 0.35625,
    "156": 0.33125,
    "157": 0.4,
    "158": 0.36875,
    "159": 0.41875,
    "160": 0.284375,
    "161": 0.078125,
    "162": 0.371875,
    "163": 0.559375,
    "164": 0.403125,
    "165": 0.35,
    "166": 0.35,
    "167": 0.178125,
    "168": 0.225,
    "169": 0.465625,
    "170": 0.371875,
    "171": 0.353125,
    "172": 0.35625,
    "173": 0.378125,
    "174": 0.4125,
    "175": 0.471875,
    "176": 0.278125,
    "177": 0.334375,
    "178": 0.25,
    "179": 0.35,
    "180": 0.246875,
    "181": 0.215625,
    "182": 0.353125,
    "183": 0.396875,
    "184": 0.396875,
    "185": 0.28125,
    "186": 0.29375,
    "187": 0.01875,
    "188": 0.040625,
    "189": 0.228125,
    "190": 0.25,
    "191": 0.096875,
    "192": 0.3125,
    "193": 0.059375,
    "194": 0.09375,
    "195": 0.378125,
    "196": 0.396875,
    "197": 0.33125,
    "198": 0.39375,
    "199": 0.4875,
    "200": 0.415625,
    "201": 0.465625,
    "202": 0.509375,
    "203": 0.2625,
    "204": 0.45,
    "205": 0.5,
    "206": 0.6,
    "207": 0.48125,
    "208": 0.35,
    "209": 0.3625,
    "210": 0.5,
    "211": 0.3125,
    "212": 0.096875,
    "213": 0.35625,
    "214": 0.4,
    "215": 0.303125,
    "216": 0.371875,
    "217": 0.096875,
    "218": 0.1875,
    "219": 0.484375,
    "220": 0.39375,
    "221": 0.440625,
    "222": 0.175,
    "223": 0.334375,
    "224": 0.384375,
    "225": 0.475,
    "226": 0.484375,
    "227": 0.359375,
    "228": 0.221875,
    "229": 0.209375,
    "230": 0.3625,
    "231": 0.3125,
    "232": 0.284375,
    "233": 0.415625,
    "234": 0.44375,
    "235": 0.375,
    "236": 0.2625,
    "237": 0.540625,
    "238": 0.2625,
    "239": 0.440625,
    "240": 0.496875,
    "241": 0.56875,
    "242": 0.35,
    "243": 0.29375,
    "244": 0.41875,
    "245": 0.296875,
    "246": 0.221875,
    "247": 0.225,
    "248": 0.43125,
    "249": 0.31875,
    "250": 0.609375,
    "251": 0.34375,
    "252": 0.3375,
    "253": 0.428125,
    "254": 0.26875,
    "255": 0.265625,
    "256": 0.1375,
    "257": 0.246875,
    "258": 0.3375,
    "259": 0.29375,
    "260": 0.315625,
    "261": 0.25625,
    "262": 0.3125,
    "263": 0.44375,
    "264": 0.34375,
    "265": 0.33125,
    "266": 0.16875,
    "267": 0.3,
    "268": 0.10625,
    "269": 0.184375,
    "270": 0.1875,
    "271": 0.1625,
    "272": 0.3,
    "273": 0.315625,
    "274": 0.3375,
    "275": 0.265625,
    "276": 0.34375,
    "277": 0.365625,
    "278": 0.3,
    "279": 0.41875,
    "280": 0.178125,
    "281": 0.3125,
    "282": 0.33125,
    "283": 0.2125,
    "284": 0.33125,
    "285": 0.23125,
    "286": 0.221875,
    "287": 0.346875,
    "288": 0.190625,
    "289": 0.1,
    "290": 0.1,
    "291": 0.090625,
    "292": 0.19375,
    "293": 0.334375,
    "294": 0.3125,
    "295": 0.265625,
    "296": 0.296875,
    "297": 0.078125,
    "298": 0.08125,
    "299": 0.38125,
    "300": 0.425,
    "301": 0.4625,
    "302": 0.3375,
    "303": 0.35625,
    "304": 0.3875,
    "305": 0.453125,