{
  "context_id": "ctx_reasoning_001",
  "token_count": 751,
  "temporal_reuse_curve": {
    "1": 0.28735,
    "2": 0.21990570761014686,
    "3": 0.19145638368983958,
    "4": 0.17390813253012047,
    "5": 0.1620350201072386,
    "6": 0.15084312080536913,
    "7": 0.14721522177419355,
    "8": 0.145407133243607,
    "9": 0.1498862870619946,
    "10": 0.1401779689608637,
    "11": 0.14335726351351352,
    "12": 0.13670077807848444,
    "13": 0.1401592140921409,
    "14": 0.1317672998643148,
    "15": 0.12485139266304347,
    "16": 0.12255102040816326,
    "17": 0.12755023841961852,
    "18": 0.13183833560709413,
    "19": 0.13081454918032787,
    "20": 0.12413645690834474,
    "21": 0.1280222602739726,
    "22": 0.13412208504801099,
    "23": 0.1211195054945055,
    "24": 0.12097231774415405,
    "25": 0.12770747245179062,
    "26": 0.12424568965517241,
    "27": 0.12706750690607735,
    "28": 0.12227697095435684,
    "29": 0.12766620498614958,
    "30": 0.11502253814147018,
    "31": 0.11459635416666666,
    "32": 0.1202451321279555,
    "33": 0.12523938022284123,
    "34": 0.11640951882845188,
    "35": 0.11583013268156425,
    "36": 0.13087412587412586,
    "37": 0.11584821428571429,
    "38": 0.11515164796633941,
    "39": 0.11560744382022473,
    "40": 0.1149129746835443,
    "41": 0.11227552816901408,
    "42": 0.10620592383638928,
    "43": 0.10949417372881357,
    "44": 0.11145243988684583,
    "45": 0.11188473796033994,
    "46": 0.12132535460992908,
    "47": 0.11083540482954546,
    "48": 0.11069078947368421,
    "49": 0.11527777777777778,
    "50": 0.11157275320970043,
    "51": 0.11841071428571429,
    "52": 0.11520475679542203,
    "53": 0.11110315186246418,
    "54": 0.1108366212338594,
    "55": 0.11441720545977012,
    "56": 0.11257194244604317,
    "57": 0.1135581772334294,
    "58": 0.10686778499278499,
    "59": 0.10345014450867052,
    "60": 0.10830318379160636,
    "61": 0.11081521739130434,
    "62": 0.1047850145137881,
    "63": 0.10235737645348837,
    "64": 0.10162390829694323
  },
  "previous_token_reuse_curve": {
    "1": 1.0,
    "2": 0.378125,
    "3": 0.43125,
    "4": 0.1875,
    "5": 0.421875,
    "6": 0.415625,
    "7": 0.478125,
    "8": 0.475,
    "9": 0.425,
    "10": 0.421875,
    "11": 0.371875,
    "12": 0.153125,
    "13": 0.684375,
    "14": 0.09375,
    "15": 0.575,
    "16": 0.34375,
    "17": 0.3375,
    "18": 0.465625,
    "19": 0.496875,
    "20": 0.409375,
    "21": 0.465625,
    "22": 0.45,
    "23": 0.403125,
    "24": 0.45625,
    "25": 0.325,
    "26": 0.484375,
    "27": 0.525,
    "28": 0.6375,
    "29": 0.4375,
    "30": 0.365625,
    "31": 0.371875,
    "32": 0.409375,
    "33": 0.5375,
    "34": 0.38125,
    "35": 0.425,
    "36": 0.41875,
    "37": 0.334375,
    "38": 0.353125,
    "39": 0.403125,
    "40": 0.496875,
    "41": 0.484375,
    "42": 0.4625,
    "43": 0.378125,
    "44": 0.503125,
    "45": 0.4625,
    "46": 0.490625,
    "47": 0.40625,
    "48": 0.365625,
    "49": 0.325,
    "50": 0.625,
    "51": 0.565625,
    "52": 0.415625,
    "53": 0.45,
    "54": 0.475,
    "55": 0.303125,
    "56": 0.24375,
    "57": 0.43125,
    "58": 0.459375,
    "59": 0.50625,
    "60": 0.50625,
    "61": 0.1,
    "62": 0.1,
    "63": 0.475,
    "64": 0.046875,
    "65": 0.51875,
    "66": 0.046875,
    "67": 0.35,
    "68": 0.28125,
    "69": 0.5375,
    "70": 0.6,
    "71": 0.603125,
    "72": 0.434375,
    "73": 0.315625,
    "74": 0.253125,
    "75": 0.359375,
    "76": 0.396875,
    "77": 0.290625,
    "78": 0.3875,
    "79": 0.346875,
    "80": 0.146875,
    "81": 0.334375,
    "82": 0.509375,
    "83": 0.41875,
    "84": 0.625,
    "85": 0.31875,
    "86": 0.328125,
    "87": 0.290625,
    "88": 0.3625,
    "89": 0.478125,
    "90": 0.3375,
    "91": 0.46875,
    "92": 0.31875,
    "93": 0.346875,
    "94": 0.3,
    "95": 0.328125,
    "96": 0.509375,
    "97": 0.228125,
    "98": 0.084375,
    "99": 0.4875,
    "100": 0.5875,
    "101": 0.55,
    "102": 0.078125,
    "103": 0.13125,
    "104": 0.403125,
    "105": 0.34375,
    "106": 0.446875,
    "107": 0.25625,
    "108": 0.25625,
    "109": 0.3375,
    "110": 0.2625,
    "111": 0.428125,
    "112": 0.3125,
    "113": 0.3875,
    "114": 0.36875,
    "115": 0.48125,
    "116": 0.484375,
    "117": 0.38125,
    "118": 0.309375,
    "119": 0.459375,
    "120": 0.31875,
    "121": 0.4,
    "122": 0.31875,
    "123": 0.275,
    "124": 0.3375,
    "125": 0.234375,
    "126": 0.428125,
    "127": 0.496875,
    "128": 0.434375,
    "129": 0.478125,
    "130": 0.271875,
    "131": 0.3125,
    "132": 0.353125,
    "133": 0.428125,
    "134": 0.246875,
    "135": 0.2625,
    "136": 0.153125,
    "137": 0.375,
    "138": 0.209375,
    "139": 0.3375,
    "140": 0.303125,
    "141": 0.375,
    "142": 0.365625,
    "143": 0.409375,
    "144": 0.440625,
    "145": 0.159375,
    "146": 0.19375,
    "147": 0.278125,
    "148": 0.171875,
    "149": 0.1625,
    "150": 0.3125,
    "151": 0.30625,
    "152": 0.3875,
    "153": 0.103125,
    "154": 0.35625,
    "155": 0.15,
    "156": 0.425,
    "157": 0.31875,
    "158": 0.64375,
    "159": 0.334375,
    "160": 0.615625,
    "161": 0.36875,
    "162": 0.2875,
    "163": 0.240625,
    "164": 0.25,
    "165": 0.33125,
    "166": 0.3625,
    "167": 0.296875,
    "168": 0.296875,
    "169": 0.290625,
    "170": 0.4125,
    "171": 0.215625,
    "172": 0.234375,
    "173": 0.25,
    "174": 0.215625,
    "175": 0.184375,
    "176": 0.190625,
    "177": 0.134375,
    "178": 0.153125,
    "179": 0.146875,
    "180": 0.15,
    "181": 0.303125,
    "182": 0.175,
    "183": 0.1375,
    "184": 0.05625,
    "185": 0.01875,
    "186": 0.3125,
    "187": 0.3,
    "188": 0.390625,
    "189": 0.475,
    "190": 0.353125,
    "191": 0.5,
    "192": 0.55625,
    "193": 0.259375,
    "194": 0.33125,
    "195": 0.484375,
    "196": 0.45,
    "197": 0.375,
    "198": 0.39375,
    "199": 0.415625,
    "200": 0.19375,
    "201": 0.378125,
    "202": 0.309375,
    "203": 0.34375,
    "204": 0.359375,
    "205": 0.35625,
    "206": 0.384375,
    "207": 0.25625,
    "208": 0.36875,
    "209": 0.421875,
    "210": 0.290625,
    "211": 0.2875,
    "212": 0.328125,
    "213": 0.2,
    "214": 0.540625,
    "215": 0.30625,
    "216": 0.234375,
    "217": 0.1625,
    "218": 0.10625,
    "219": 0.134375,
    "220": 0.3875,
    "221": 0.1625,
    "222": 0.2,
    "223": 0.16875,
    "224": 0.175,
    "225": 0.25,
    "226": 0.1375,
    "227": 0.165625,
    "228": 0.06875,
    "229": 0.121875,
    "230": 0.240625,
    "231": 0.234375,
    "232": 0.40625,
    "233": 0.2875,
    "234": 0.16875,
    "235": 0.240625,
    "236": 0.1625,
    "237": 0.321875,
    "238": 0.4,
    "239": 0.290625,
    "240": 0.36875,
    "241": 0.35625,
    "242": 0.35,
    "243": 0.378125,
    "244": 0.34375,
    "245": 0.359375,
    "246": 0.11875,
    "247": 0.203125,
    "248": 0.125,
    "249": 0.146875,
    "250": 0.315625,
    "251": 0.38125,
    "252": 0.334375,
    "253": 0.0625,
    "254": 0.11875,
    "255": 0.159375,
    "256": 0.14375,
    "257": 0.2125,
    "258": 0.1,
    "259": 0.30625,
    "260": 0.1875,
    "261": 0.14375,
    "262": 0.128125,
    "263": 0.253125,
    "264": 0.028125,
    "265": 0.034375,
    "266": 0.078125,
    "267": 0.084375,
    "268": 0.08125,
    "269": 0.265625,
    "270": 0.075,
    "271": 0.26875,
    "272": 0.071875,
    "273": 0.059375,
    "274": 0.009375,
    "275": 0.09375,
    "276": 0.215625,
    "277": 0.084375,
    "278": 0.140625,
    "279": 0.1875,
    "280": 0.378125,
    "281": 0.384375,
    "282": 0.165625,
    "283": 0.346875,
    "284": 0.140625,
    "285": 0.44375,
    "286": 0.278125,
    "287": 0.64375,
    "288": 0.321875,
    "289": 0.321875,
    "290": 0.434375,
    "291": 0.290625,
    "292": 0.321875,
    "293": 0.23125,
    "294": 0.565625,
    "295": 0.403125,
    "296": 0.41875,
    "297": 0.346875,
    "298": 0.43125,
    "299": 0.43125,
    "300": 0.465625,
    "301": 0.303125,
    "302": 0.20625,