{
  "temporal_reuse_curve": {
    "1": 0.3500101263771873,
    "2": 0.2789129050925926,
    "3": 0.2512298592462265,
    "4": 0.2359140581589183,
    "5": 0.22532734787440956,
    "6": 0.22098751852537976,
    "7": 0.21541570171375637,
    "8": 0.21178982536594404,
    "9": 0.20808075836190124,
    "10": 0.20409562638991846,
    "11": 0.2009498656287647,
    "12": 0.19986648517145505,
    "13": 0.1955576860691445,
    "14": 0.19846762606599927,
    "15": 0.1950440924260684,
    "16": 0.19285706007787873,
    "17": 0.19207898701900789,
    "18": 0.18674917702151336,
    "19": 0.18284336455531855,
    "20": 0.18276119922092376,
    "21": 0.18176218578981543,
    "22": 0.18086995593692023,
    "23": 0.17693953520734762,
    "24": 0.17662019855260716,
    "25": 0.17369745754848287,
    "26": 0.17281661794729028,
    "27": 0.17241792343387471,
    "28": 0.17633336040467792,
    "29": 0.17243513877285807,
    "30": 0.1719716046230969,
    "31": 0.16848046838733638,
    "32": 0.16888260213556175
  },
  "expert_entropy_by_layer": {
    "0": 7.899090354356287,
    "1": 7.866225506674419,
    "2": 7.927363112617252,
    "3": 7.771451866577702,
    "4": 7.6905866846071484,
    "5": 7.68200454436556,
    "6": 7.684773837970693,
    "7": 7.5161145157861435,
    "8": 7.355519675537489,
    "9": 7.436580158901156,
    "10": 7.650433302486531,
    "11": 7.7039283077976854,
    "12": 7.520824392114196,
    "13": 7.428065523421955,
    "14": 7.369677923604042,
    "15": 7.335377559120591,
    "16": 7.497268506003336,
    "17": 7.408365292315892,
    "18": 7.379817937776616,
    "19": 7.351434622155915,
    "20": 7.203747728489023,
    "21": 7.317981141544582,
    "22": 7.583078794690998,
    "23": 7.634294152108943,
    "24": 7.513534184812975,
    "25": 7.456155747003149,
    "26": 7.471281112891293,
    "27": 7.445854700617057,
    "28": 7.556610080857097,
    "29": 7.423180803589834,
    "30": 7.434576733792294,
    "31": 7.380881031394487,
    "32": 7.482069080113301,
    "33": 7.482692840189598,
    "34": 7.4383768534367265,
    "35": 7.279487826589681,
    "36": 7.309230373539134,
    "37": 7.31582410995831,
    "38": 7.333820725031561,
    "39": 7.517395373068265
  }
}