{
  "temporal_reuse_curve": {
    "1": 0.2620302072356867,
    "2": 0.21777065527065528,
    "3": 0.23952690501986276,
    "4": 0.28846153846153844,
    "5": 0.21887774061687104,
    "6": 0.2520739064856712,
    "7": 0.1997703788748565,
    "8": 0.293997668997669,
    "9": 0.19960552268244575,
    "10": 0.19841746794871795,
    "11": 0.18772893772893773,
    "12": 0.30727874276261374,
    "13": 0.1989281210592686,
    "14": 0.2497863247863248,
    "15": 0.18600608431116905,
    "16": 0.1896551724137931,
    "17": 0.19568151147098514,
    "18": 0.19345238095238096,
    "19": 0.1710955710955711,
    "20": 0.25249287749287747,
    "21": 0.16606192549588775,
    "22": 0.14928500986193294,
    "23": 0.17458521870286575,
    "24": 0.21192307692307694,
    "25": 0.14495028780743066,
    "26": 0.21006944444444445,
    "27": 0.15684669939989088,
    "28": 0.17725752508361203,
    "29": 0.17150997150997152,
    "30": 0.12951631701631702,
    "31": 0.139087656529517,
    "32": 0.2132173382173382
  },
  "expert_entropy_by_layer": {
    "1": 4.982015110888167,
    "2": 5.1419620788107485,
    "3": 5.102101311039117,
    "4": 5.430966165936262,
    "5": 5.472182492452542,
    "6": 5.352318209537188,
    "7": 5.20298347568509,
    "8": 5.083405863978295,
    "9": 5.277658152174167,
    "10": 5.283654913102837,
    "11": 5.267829068275071,
    "12": 5.337735866705483,
    "13": 5.278828528081688,
    "14": 5.507873354269504,
    "15": 5.424476321455806,
    "16": 5.444897374992959,
    "17": 5.525080946123363,
    "18": 5.371840527356151,
    "19": 5.449304635425298,
    "20": 5.286624671836181,
    "21": 5.501596497873189,
    "22": 5.439648043368667,
    "23": 5.326050049626213,
    "24": 5.347649762915027,
    "25": 5.279682840198467,
    "26": 5.341532352901896
  }
}