{
  "temporal_reuse_curve": {
    "1": 0.4302768166089965,
    "2": 0.31629344919786095,
    "3": 0.2836109834558823,
    "4": 0.2516425521821632,
    "5": 0.23215073529411764,
    "6": 0.2165884888438134,
    "7": 0.1983718487394958,
    "8": 0.18415713507625273,
    "9": 0.19675480769230771,
    "10": 0.21101470588235294,
    "11": 0.20033700980392158,
    "12": 0.173201726342711,
    "13": 0.15415274064171122,
    "14": 0.12938550420168068,
    "15": 0.11204044117647059,
    "16": 0.1009578173374613,
    "17": 0.08709150326797387,
    "18": 0.07437283737024222,
    "19": 0.07014016544117647,
    "20": 0.07174019607843136,
    "21": 0.06625525210084034,
    "22": 0.06435237556561087,
    "23": 0.06853553921568627,
    "24": 0.06214906417112299,
    "25": 0.06029411764705882,
    "26": 0.05784313725490196,
    "27": 0.05183823529411764,
    "28": 0.04548319327731093,
    "29": 0.041697303921568625,
    "30": 0.0368014705882353,
    "31": 0.03138786764705882,
    "32": 0.027941176470588233,
    "33": 0.030514705882352944,
    "34": 0.032904411764705876
  },
  "previous_token_reuse_curve": {
    "1": 1.0,
    "2": 0.4165441176470588,
    "3": 0.4299632352941177,
    "4": 0.20202205882352942,
    "5": 0.4040441176470588,
    "6": 0.4143382352941177,
    "7": 0.47867647058823526,
    "8": 0.46801470588235294,
    "9": 0.43731617647058824,
    "10": 0.4183823529411765,
    "11": 0.3770220588235294,
    "12": 0.1619485294117647,
    "13": 0.6613970588235294,
    "14": 0.13125,
    "15": 0.5443014705882353,
    "16": 0.37941176470588234,
    "17": 0.4954044117647059,
    "18": 0.4676470588235294,
    "19": 0.44834558823529413,
    "20": 0.44669117647058826,
    "21": 0.4329044117647059,
    "22": 0.4417279411764706,
    "23": 0.4161764705882353,
    "24": 0.4119485294117647,
    "25": 0.4409926470588235,
    "26": 0.3959558823529412,
    "27": 0.4568014705882353,
    "28": 0.43731617647058824,
    "29": 0.43253676470588237,
    "30": 0.371875,
    "31": 0.37463235294117647,
    "32": 0.4141544117647059,
    "33": 0.42665441176470587,
    "34": 0.393014705882353
  },
  "sliding_window_hit_rate": {
    "4": 0.5749632352941176,
    "8": 0.6372899159663866,
    "16": 0.6884873949579832,
    "32": 0.7018329831932772,
    "64": 0.7018697478991597
  },
  "expert_entropy_by_layer": {
    "0": 6.842895503871324,
    "1": 6.617726474311198,
    "2": 6.57675638463829,
    "3": 6.414593700350791,
    "4": 6.211400027644061,
    "5": 5.847875195136906,
    "6": 5.771332195425557,
    "7": 5.560158218676871,
    "8": 5.35972083786895,
    "9": 5.4304375788860835,
    "10": 6.041739853521636,
    "11": 6.22453390550429,
    "12": 5.851698053490876,
    "13": 5.662997386628729,
    "14": 5.626048611341255,
    "15": 5.79169744777965,
    "16": 5.450935441670138,
    "17": 5.518564120724069,
    "18": 5.627886960652981,
    "19": 5.5014435632410805,
    "20": 5.4216269026994635,
    "21": 5.504078500280502,
    "22": 5.969856890776376,
    "23": 6.112002020329311,
    "24": 5.7484995829241745,
    "25": 5.687246461106658,
    "26": 5.564832032784493,
    "27": 5.712300243739371,
    "28": 5.452766002977776,
    "29": 5.55723458156919,
    "30": 5.666313644684481,
    "31": 5.48313208203734,
    "32": 6.024461435612012,
    "33": 5.866869301117134,
    "34": 5.960070914273981,
    "35": 5.764677636684472,
    "36": 5.756419550947908,
    "37": 5.67577210972122,
    "38": 5.673404473232922,
    "39": 6.244692308980982
  },
  "context_switch_churn": 0.5697231833910035,
  "context_count": 17,
  "aligned_token_count": 35,
  "averaging_note": "Overall metrics average per-context metrics over the first N tokens, where N is the minimum token count across contexts.",
  "per_context_dir": "data/analysis/contexts",
  "context_token_counts": {
    "ctx_coding_001": 628,
    "ctx_coding_002": 416,
    "ctx_coding_003": 1076,
    "ctx_reasoning_001": 751,
    "ctx_reasoning_002": 1111,
    "ctx_reasoning_003": 448,
    "ctx_creative_001": 442,
    "ctx_creative_002": 311,
    "ctx_factual_001": 1080,
    "ctx_factual_002": 1079,
    "ctx_multi_turn_001": 519,
    "ctx_multi_turn_002": 914,
    "ctx_mixed_001": 1084,
    "ctx_mixed_002": 670,
    "ctx_edge_001": 127,
    "ctx_edge_002": 35,
    "ctx_edge_003": 112
  }
}