{
  "temporal_reuse_curve": {
    "1": 0.42913062283737025,
    "2": 0.31478386809269165,
    "3": 0.2833409926470588,
    "4": 0.2505929791271347,
    "5": 0.23217524509803922,
    "6": 0.21651876267748477,
    "7": 0.1983718487394958,
    "8": 0.1840005446623094,
    "9": 0.1966346153846154,
    "10": 0.21105882352941177,
    "11": 0.20056678921568627,
    "12": 0.17345748081841433,
    "13": 0.15425300802139036,
    "14": 0.12951680672268906,
    "15": 0.11271139705882352,
    "16": 0.10175116099071208,
    "17": 0.08805147058823529,
    "18": 0.07557309688581315,
    "19": 0.07046185661764705,
    "20": 0.07200980392156862,
    "21": 0.06615021008403361,
    "22": 0.06426753393665158,
    "23": 0.06870404411764706,
    "24": 0.06258355614973263,
    "25": 0.06056985294117648,
    "26": 0.057904411764705885,
    "27": 0.051976102941176466,
    "28": 0.045667016806722686,
    "29": 0.04237132352941177,
    "30": 0.036838235294117644,
    "31": 0.03138786764705882,
    "32": 0.026899509803921567,
    "33": 0.029319852941176474,
    "34": 0.03180147058823529
  },
  "previous_token_reuse_curve": {
    "1": 1.0,
    "2": 0.3801470588235294,
    "3": 0.43327205882352937,
    "4": 0.18731617647058824,
    "5": 0.4172794117647059,
    "6": 0.4143382352941177,
    "7": 0.4829044117647059,
    "8": 0.4667279411764706,
    "9": 0.4358455882352941,
    "10": 0.41672794117647055,
    "11": 0.375,
    "12": 0.14852941176470588,
    "13": 0.6935661764705883,
    "14": 0.09595588235294118,
    "15": 0.5720588235294117,
    "16": 0.36764705882352944,
    "17": 0.5066176470588236,
    "18": 0.46599264705882354,
    "19": 0.4514705882352941,
    "20": 0.44191176470588234,
    "21": 0.4275735294117647,
    "22": 0.4435661764705882,
    "23": 0.4185661764705882,
    "24": 0.4053308823529412,
    "25": 0.45698529411764705,
    "26": 0.3920955882352941,
    "27": 0.4544117647058824,
    "28": 0.4325367647058823,
    "29": 0.42573529411764705,
    "30": 0.37481617647058824,
    "31": 0.3761029411764706,
    "32": 0.41305147058823527,
    "33": 0.41599264705882355,
    "34": 0.40036764705882355
  },
  "expert_entropy_by_layer": {
    "0": 6.8445795400963245,
    "1": 6.6182757479867,
    "2": 6.578216575780395,
    "3": 6.416254255631431,
    "4": 6.212408439509353,
    "5": 5.848355708281087,
    "6": 5.773689544892809,
    "7": 5.558944527761671,
    "8": 5.359756091687408,
    "9": 5.4311091886593745,
    "10": 6.04262757673365,
    "11": 6.226887533344179,
    "12": 5.853279999104419,
    "13": 5.664073689023771,
    "14": 5.626827492043556,
    "15": 5.792914751653854,
    "16": 5.451390520457906,
    "17": 5.519052440538342,
    "18": 5.628972990604671,
    "19": 5.5028411008972435,
    "20": 5.42228727334391,
    "21": 5.506131065400226,
    "22": 5.973008721289591,
    "23": 6.115205905382146,
    "24": 5.75019583445713,
    "25": 5.689019792605611,
    "26": 5.566799603138435,
    "27": 5.714994674212255,
    "28": 5.454461410044733,
    "29": 5.560751445055446,
    "30": 5.667516714813763,
    "31": 5.484408727434528,
    "32": 6.02625118295974,
    "33": 5.867131893105974,
    "34": 5.963286185424293,
    "35": 5.764705887504772,
    "36": 5.7583389548492745,
    "37": 5.676250449319934,
    "38": 5.67375501022784,
    "39": 6.244900707342311
  },
  "context_count": 17,
  "aligned_token_count": 35,
  "averaging_note": "Overall metrics average per-context metrics over the first N tokens, where N is the minimum token count across contexts.",
  "per_context_dir": "data/analysis/contexts",
  "context_token_counts": {
    "ctx_coding_001": 627,
    "ctx_coding_002": 416,
    "ctx_coding_003": 1076,
    "ctx_reasoning_001": 751,
    "ctx_reasoning_002": 1111,
    "ctx_reasoning_003": 448,
    "ctx_creative_001": 442,
    "ctx_creative_002": 311,
    "ctx_factual_001": 1080,
    "ctx_factual_002": 1079,
    "ctx_multi_turn_001": 519,
    "ctx_multi_turn_002": 914,
    "ctx_mixed_001": 1084,
    "ctx_mixed_002": 670,
    "ctx_edge_001": 127,
    "ctx_edge_002": 35,
    "ctx_edge_003": 112
  }
}