{
  "temporal_reuse_curve": {
    "1": 0.2191699291080309,
    "2": 0.1949282651278522,
    "3": 0.20582573991664901,
    "4": 0.2188897135485695,
    "5": 0.2020999115826702,
    "6": 0.22262479871175522,
    "7": 0.21332253152004532,
    "8": 0.23167738734428436,
    "9": 0.20385147356101713,
    "10": 0.18208233519652206,
    "11": 0.2110856594928617,
    "12": 0.246237361621977,
    "13": 0.19503271809097053,
    "14": 0.20869143579067242,
    "15": 0.21766826923076923,
    "16": 0.24312200424083677,
    "17": 0.20040743910702186,
    "18": 0.20889317131488322,
    "19": 0.20085618884365403,
    "20": 0.2138166711337443,
    "21": 0.19661695812323426,
    "22": 0.18947161236065632,
    "23": 0.2029437043403524,
    "24": 0.24945797272841297,
    "25": 0.19545454545454546,
    "26": 0.18720281351491988,
    "27": 0.19440404366874955,
    "28": 0.21516360304026738,
    "29": 0.1919660517135973,
    "30": 0.21569500674763833,
    "31": 0.20220667675021609,
    "32": 0.2172414725120277
  },
  "expert_entropy_by_layer": {
    "1": 5.300195205045521,
    "2": 5.463593591073092,
    "3": 5.519828969524238,
    "4": 5.709604752615189,
    "5": 5.6490371983042476,
    "6": 5.715904645515279,
    "7": 5.631481252703537,
    "8": 5.569595796995902,
    "9": 5.668759166887646,
    "10": 5.627524569597504,
    "11": 5.5859773280834855,
    "12": 5.607928555573722,
    "13": 5.602976702126556,
    "14": 5.617632050690593,
    "15": 5.683833551074535,
    "16": 5.694618808551573,
    "17": 5.749836021040467,
    "18": 5.66806470988384,
    "19": 5.686096923835545,
    "20": 5.63245276225108,
    "21": 5.6168743590630115,
    "22": 5.625552940203105,
    "23": 5.596628734836597,
    "24": 5.447588511565368,
    "25": 5.518951550180768,
    "26": 5.52275260627969
  }
}